Adults,Infants,Preschoolers,School-Age,Teenager,Housing,Child Care,Food,Transportation,Health Care,Miscellaneous,Taxes,Earned Income Tax Credit,Child Care Tax Credit,Child Tax Credit,Hourly,Monthly,Annual,Monthly Savings Contribution
1,0,0,0,0,675.44,0,246.32,227.31,157.1,130.62,303.07,0,0,0,9.89,1739.86,20878.33,34.8
1,1,0,0,0,786.49,755.14,365.62,233.79,436.95,257.8,630.18,0,-55,-83.33,18.91,3327.64,39931.64,80.62
1,0,1,0,0,786.49,719.16,373.38,233.79,433.84,254.67,614.64,-4.52,-55,-83.33,18.6,3273.1,39277.25,78.54
1,0,0,1,0,786.49,616.31,443.13,233.79,443.22,252.29,601.9,-12.38,-57.5,-83.33,18.32,3223.92,38687.06,77.04
1,0,0,0,1,786.49,0,467.49,227.31,458.6,193.99,323.31,-176.41,0,-83.33,12.49,2197.45,26369.44,62.31
1,2,0,0,0,786.49,1510.28,482.47,233.79,451.02,346.41,895.15,0,-100,-166.67,25.22,4438.95,53267.38,139.77
1,1,1,0,0,786.49,1474.3,489.88,233.79,447.91,343.24,881.23,0,-100,-166.67,24.94,4390.17,52682.07,137.67
1,1,0,1,0,786.49,1371.45,556.46,233.79,457.29,340.55,871.11,0,-100,-166.67,24.72,4350.47,52205.63,135.96
1,1,0,0,1,786.49,755.14,579.71,233.79,472.67,282.78,574.04,-91.4,-110,-166.67,18.84,3316.56,39798.73,97.51
1,0,2,0,0,786.49,1438.32,497.28,233.79,444.8,340.07,867.32,0,-100,-166.67,24.67,4341.4,52096.76,135.57
1,0,1,1,0,786.49,1335.47,563.86,233.79,454.18,337.38,857.19,0,-100,-166.67,24.44,4301.69,51620.31,133.86
1,0,1,0,1,786.49,719.16,587.11,233.79,469.56,279.61,551.54,-108.04,-115,-166.67,18.4,3237.57,38850.81,95.41
1,0,0,2,0,786.49,1232.62,630.44,233.79,463.56,334.69,847.06,0,-100,-166.67,24.22,4261.99,51143.87,132.15
1,0,0,1,1,786.49,616.31,653.69,233.79,478.94,276.92,536.72,-119.88,-115,-166.67,18.08,3181.32,38175.83,93.7
1,0,0,0,2,786.49,0,676.94,227.31,494.32,218.51,283.88,-328.08,0,-166.67,12.46,2192.71,26312.57,77.51
1,3,0,0,0,1056.35,2265.42,586.61,233.79,465.1,460.73,1292.24,0,-100,-250,34.15,6010.23,72122.76,251.11
1,2,1,0,0,1056.35,2229.44,593.66,233.79,461.99,457.52,1278.15,0,-100,-250,33.87,5960.9,71530.79,248.64
1,2,0,1,0,1056.35,2126.59,657.07,233.79,471.37,454.52,1266.52,0,-100,-250,33.61,5916.21,70994.48,246.4
1,2,0,0,1,1056.35,1510.28,679.22,233.79,486.75,396.64,1009.16,0,-100,-250,28.54,5022.18,60266.11,173.46
1,1,2,0,0,1056.35,2193.46,600.72,233.79,458.87,454.32,1264.07,0,-100,-250,33.59,5911.57,70938.82,246.17
1,1,1,1,0,1056.35,2090.61,664.12,233.79,468.26,451.31,1252.44,0,-100,-250,33.33,5866.88,70402.51,243.93
1,1,1,0,1,1056.35,1474.3,686.27,233.79,483.64,393.43,995.07,0,-100,-250,28.25,4972.85,59674.14,171.34
1,1,0,2,0,1056.35,1987.76,727.53,233.79,477.64,448.31,1240.81,0,-100,-250,33.08,5822.18,69866.2,239
1,1,0,1,1,1056.35,1371.45,749.68,233.79,493.02,390.43,983.44,0,-100,-250,28,4928.15,59137.83,169.41
1,1,0,0,2,1056.35,755.14,771.82,233.79,508.4,332.55,717.96,-0.62,-100,-250,22.87,4025.39,48304.71,130.89
1,0,3,0,0,1056.35,2157.48,607.77,233.79,455.76,451.11,1249.98,0,-100,-250,33.31,5862.24,70346.86,243.7
1,0,2,1,0,1056.35,2054.63,671.17,233.79,465.14,448.11,1238.35,0,-100,-250,33.05,5817.55,69810.55,238.02
1,0,2,0,1,1056.35,1438.32,693.32,233.79,480.52,390.23,980.99,0,-100,-250,27.97,4923.51,59082.17,169.21
1,0,1,2,0,1056.35,1951.78,734.58,233.79,474.53,445.1,1226.73,0,-100,-250,32.8,5772.85,69274.23,228.54
1,0,1,1,1,1056.35,1335.47,756.73,233.79,489.91,387.22,969.36,0,-100,-250,27.72,4878.82,58545.86,167.29
1,0,1,0,2,1056.35,719.16,778.87,233.79,505.29,329.35,721.16,-9.17,-100,-250,22.64,3984.79,47817.49,128.77
1,0,0,3,0,1056.35,1848.93,797.99,233.79,483.91,442.1,1215.1,0,-100,-250,32.55,5728.16,68737.92,219.05
1,0,0,2,1,1056.35,1232.62,820.14,233.79,499.29,384.22,957.73,0,-100,-250,27.47,4834.13,58009.55,165.36
1,0,0,1,2,1056.35,616.31,842.28,233.79,514.67,326.34,718.94,-18.58,-100,-250,22.39,3940.1,47281.17,126.84
1,0,0,0,3,1056.35,0,864.43,227.31,530.05,267.81,408.81,-246.4,0,-250,16.24,2858.36,34300.29,93.17
1,4,0,0,0,1056.35,3020.56,678.04,233.79,479.17,546.79,1689.27,0,-100,-333.33,41.31,7270.64,87247.63,317.86
1,3,1,0,0,1056.35,2984.58,684.74,233.79,476.06,543.55,1666.92,0,-100,-333.33,40.98,7212.65,86551.83,315.36
1,3,0,1,0,1056.35,2881.73,744.98,233.79,485.44,540.23,1645.72,0,-100,-333.33,40.65,7154.91,85858.86,312.87
1,3,0,0,1,1056.35,2265.42,766.02,233.79,500.82,482.24,1277.74,0,-100,-333.33,34.94,6149.04,73788.51,268.01
1,2,2,0,0,1056.35,2948.6,691.44,233.79,472.95,540.31,1644.57,0,-100,-333.33,40.65,7154.67,85856.02,312.86
1,2,1,1,0,1056.35,2845.75,751.68,233.79,482.33,536.99,1623.37,0,-100,-333.33,40.32,7096.92,85163.06,310.38
1,2,1,0,1,1056.35,2229.44,772.71,233.79,497.71,479,1263.49,0,-100,-333.33,34.65,6099.16,73189.88,265.51
1,2,0,2,0,1056.35,2742.9,811.91,233.79,491.71,533.67,1602.18,0,-100,-333.33,40,7039.17,84470.09,307.89
1,2,0,1,1,1056.35,2126.59,832.95,233.79,507.09,475.68,1250.36,0,-100,-333.33,34.37,6049.48,72593.7,263.03
1,2,0,0,2,1056.35,1510.28,853.99,233.79,522.47,417.69,992.47,0,-100,-333.33,29.28,5153.7,61844.42,187.69
1,1,3,0,0,1056.35,2912.62,698.14,233.79,469.84,537.07,1622.22,0,-100,-333.33,40.32,7096.68,85160.22,310.37
1,1,2,1,0,1056.35,2809.77,758.37,233.79,479.22,533.75,1601.02,0,-100,-333.33,39.99,7038.94,84467.25,307.88
1,1,2,0,1,1056.35,2193.46,779.41,233.79,494.6,475.76,1249.24,0,-100,-333.33,34.37,6049.27,72591.26,263.02
1,1,1,2,0,1056.35,2706.92,818.61,233.79,488.6,530.43,1579.83,0,-100,-333.33,39.67,6981.19,83774.29,305.39
1,1,1,1,1,1056.35,2090.61,839.65,233.79,503.98,472.44,1236.11,0,-100,-333.33,34.09,5999.59,71995.07,252.64
1,1,1,0,2,1056.35,1474.3,860.69,233.79,519.36,414.45,978.21,0,-100,-333.33,29,5103.82,61245.79,185.54
1,1,0,3,0,1056.35,2604.07,878.85,233.79,497.98,527.1,1558.63,0,-100,-333.33,39.34,6923.44,83081.32,302.9
1,1,0,2,1,1056.35,1987.76,899.89,233.79,513.36,469.11,1222.98,0,-100,-333.33,33.81,5949.91,71398.89,242.1
1,1,0,1,2,1056.35,1371.45,920.93,233.79,528.74,411.13,965.09,0,-100,-333.33,28.72,5054.13,60649.61,183.4
1,1,0,0,3,1056.35,755.14,941.97,233.79,544.12,353.14,707.19,0,-100,-333.33,23.63,4158.36,49900.32,144.81
1,0,4,0,0,1056.35,2876.64,704.84,233.79,466.72,533.83,1599.87,0,-100,-333.33,39.99,7038.7,84464.41,307.87
1,0,3,1,0,1056.35,2773.79,765.07,233.79,476.11,530.51,1578.67,0,-100,-333.33,39.66,6980.95,83771.45,305.38
1,0,3,0,1,1056.35,2157.48,786.11,233.79,491.49,472.52,1234.98,0,-100,-333.33,34.09,5999.39,71992.63,252.6
1,0,2,2,0,1056.35,2670.94,825.31,233.79,485.49,527.19,1557.48,0,-100,-333.33,39.34,6923.21,83078.48,302.89
1,0,2,1,1,1056.35,2054.63,846.35,233.79,500.87,469.2,1221.86,0,-100,-333.33,33.81,5949.7,71396.45,242.06
1,0,2,0,2,1056.35,1438.32,867.39,233.79,516.25,411.21,963.96,0,-100,-333.33,28.72,5053.93,60647.16,183.4
1,0,1,3,0,1056.35,2568.09,885.55,233.79,494.87,523.86,1536.28,0,-100,-333.33,39.01,6865.46,82385.52,300.4
1,0,1,2,1,1056.35,1951.78,906.59,233.79,510.25,465.88,1208.73,0,-100,-333.33,33.52,5900.02,70800.27,231.52
1,0,1,1,2,1056.35,1335.47,927.63,233.79,525.63,407.89,950.83,0,-100,-333.33,28.43,5004.25,60050.98,181.25
1,0,1,0,3,1056.35,719.16,948.66,233.79,541.01,349.9,692.94,0,-100,-333.33,23.34,4108.47,49301.7,142.66
1,0,0,4,0,1056.35,2465.24,945.79,233.79,504.25,520.54,1515.09,0,-100,-333.33,38.68,6807.71,81692.55,297.91
1,0,0,3,1,1056.35,1848.93,966.82,233.79,519.63,462.55,1195.6,0,-100,-333.33,33.24,5850.34,70204.08,220.98
1,0,0,2,2,1056.35,1232.62,987.86,233.79,535.01,404.56,937.7,0,-100,-333.33,28.15,4954.57,59454.8,179.11
1,0,0,1,3,1056.35,616.31,1008.9,233.79,550.39,346.57,641.32,-2.14,-100,-333.33,22.83,4018.16,48217.94,140.52
1,0,0,0,4,1056.35,0,1029.94,227.31,565.77,287.94,413.78,-208.25,0,-333.33,17.27,3039.51,36474.14,101.49
1,5,0,0,0,1265.94,3775.7,798.8,233.79,493.25,656.75,2270.3,0,-100,-416.67,51.01,8977.85,107734.21,403.15
1,4,1,0,0,1265.94,3739.72,805.5,233.79,490.14,653.51,2247.95,0,-100,-416.67,50.68,8919.87,107038.41,400.65
1,4,0,1,0,1265.94,3636.87,865.74,233.79,499.52,650.18,2226.76,0,-100,-416.67,50.35,8862.12,106345.44,398.16
1,4,0,0,1,1265.94,3020.56,886.78,233.79,514.9,592.2,1823.45,0,-100,-416.67,44.44,7820.93,93851.15,353.3
1,3,2,0,0,1265.94,3703.74,812.2,233.79,487.02,650.27,2225.6,0,-100,-416.67,50.35,8861.88,106342.6,398.15
1,3,1,1,0,1265.94,3600.89,872.44,233.79,496.41,646.95,2204.41,0,-100,-416.67,50.02,8804.14,105649.64,395.67
1,3,1,0,1,1265.94,2984.58,893.47,233.79,511.79,588.96,1801.09,0,-100,-416.67,44.11,7762.95,93155.34,350.8
1,3,0,2,0,1265.94,3498.04,932.67,233.79,505.79,643.62,2183.21,0,-100,-416.67,49.7,8746.39,104956.67,393.18
1,3,0,1,1,1265.94,2881.73,953.71,233.79,521.17,585.63,1779.9,0,-100,-416.67,43.78,7705.2,92462.38,348.32
1,3,0,0,2,1265.94,2265.42,974.75,233.79,536.55,527.64,1370.56,0,-100,-416.67,37.83,6657.98,79895.72,303.45
1,2,3,0,0,1265.94,3667.76,818.9,233.79,483.91,647.03,2203.25,0,-100,-416.67,50.02,8803.9,105646.8,395.66
1,2,2,1,0,1265.94,3564.91,879.13,233.79,493.29,643.71,2182.06,0,-100,-416.67,49.69,8746.15,104953.83,393.17
1,2,2,0,1,1265.94,2948.6,900.17,233.79,508.67,585.72,1778.74,0,-100,-416.67,43.78,7704.96,92459.54,348.31
1,2,1,2,0,1265.94,3462.06,939.37,233.79,502.68,640.38,2160.86,0,-100,-416.67,49.37,8688.41,104260.87,390.68
1,2,1,1,1,1265.94,2845.75,960.41,233.79,518.06,582.39,1757.55,0,-100,-416.67,43.45,7647.21,91766.57,345.82
1,2,1,0,2,1265.94,2229.44,981.45,233.79,533.44,524.4,1356.31,0,-100,-416.67,37.55,6608.09,79297.1,300.96
1,2,0,3,0,1265.94,3359.21,999.61,233.79,512.06,637.06,2139.67,0,-100,-416.67,49.04,8630.66,103567.9,388.19
1,2,0,2,1,1265.94,2742.9,1020.65,233.79,527.44,579.07,1736.36,0,-100,-416.67,43.12,7589.47,91073.61,343.33
1,2,0,1,2,1265.94,2126.59,1041.69,233.79,542.82,521.08,1343.18,0,-100,-416.67,37.26,6558.41,78700.91,298.47
1,2,0,0,3,1265.94,1510.28,1062.72,233.79,558.2,463.09,1085.29,0,-100,-416.67,32.17,5662.64,67951.63,218.19
1,1,4,0,0,1265.94,3631.78,825.59,233.79,480.8,643.79,2180.9,0,-100,-416.67,49.69,8745.92,104950.99,393.16
1,1,3,1,0,1265.94,3528.93,885.83,233.79,490.18,640.47,2159.71,0,-100,-416.67,49.36,8688.17,104258.03,390.67
1,1,3,0,0,1265.94,2912.62,906.87,233.79,505.56,582.48,1756.39,0,-100,-416.67,43.45,7646.98,91763.73,345.81
1,1,2,2,0,1265.94,3426.08,946.07,233.79,499.56,637.14,2138.51,0,-100,-416.67,49.04,8630.42,103565.06,388.18
1,1,2,1,1,1265.94,2809.77,967.11,233.79,514.94,579.15,1735.2,0,-100,-416.67,43.12,7589.23,91070.77,343.32
1,1,2,0,2,1265.94,2193.46,988.15,233.79,530.32,521.17,1342.06,0,-100,-416.67,37.26,6558.21,78698.47,298.46
1,1,1,3,0,1265.94,3323.23,1006.31,233.79,508.95,633.82,2117.32,0,-100,-416.67,48.71,8572.68,102872.1,385.69
1,1,1,2,1,1265.94,2706.92,1027.35,233.79,524.33,575.83,1714.01,0,-100,-416.67,42.79,7531.48,90377.8,340.83
1,1,1,1,2,1265.94,2090.61,1048.38,233.79,539.71,517.84,1328.93,0,-100,-416.67,36.98,6508.52,78102.29,295.97
1,1,1,0,3,1265.94,1474.3,1069.42,233.79,555.09,459.85,1071.03,0,-100,-416.67,31.89,5612.75,67353,216.04
1,1,0,4,0,1265.94,3220.38,1066.55,233.79,518.33,630.5,2096.12,0,-100,-416.67,48.38,8514.93,102179.14,383.2
1,1,0,3,1,1265.94,2604.07,1087.58,233.79,533.71,572.51,1692.81,0,-100,-416.67,42.46,7473.74,89684.84,338.34
1,1,0,2,2,1265.94,1987.76,1108.62,233.79,549.09,514.52,1315.8,0,-100,-416.67,36.7,6458.84,77506.11,293.48
1,1,0,1,3,1265.94,1371.45,1129.66,233.79,564.47,456.53,1057.9,0,-100,-416.67,31.61,5563.07,66756.82,213.9
1,1,0,0,4,1265.94,755.14,1150.7,233.79,579.85,398.54,800.01,0,-100,-416.67,26.52,4667.29,56007.54,175.3
1,0,5,0,0,1265.94,3595.8,832.29,233.79,477.69,640.55,2158.55,0,-100,-416.67,49.36,8687.93,104255.19,390.66
1,0,4,1,0,1265.94,3492.95,892.53,233.79,487.07,637.23,2137.35,0,-100,-416.67,49.04,8630.19,103562.22,388.17
1,0,4,0,1,1265.94,2876.64,913.57,233.79,502.45,579.24,1734.04,0,-100,-416.67,43.12,7588.99,91067.93,343.31
1,0,3,2,0,1265.94,3390.1,952.77,233.79,496.45,633.9,2116.16,0,-100,-416.67,48.71,8572.44,102869.26,385.68
1,0,3,1,1,1265.94,2773.79,973.81,233.79,511.83,575.91,1712.85,0,-100,-416.67,42.79,7531.25,90374.96,340.82
1,0,3,0,2,1265.94,2157.48,994.84,233.79,527.21,517.93,1327.8,0,-100,-416.67,36.98,6508.32,78099.84,295.96
1,0,2,3,0,1265.94,3287.25,1013.01,233.79,505.83,630.58,2094.97,0,-100,-416.67,48.38,8514.69,102176.29,383.19
1,0,2,2,1,1265.94,2670.94,1034.04,233.79,521.21,572.59,1691.65,0,-100,-416.67,42.46,7473.5,89682,338.33
1,0,2,1,2,1265.94,2054.63,1055.08,233.79,536.59,514.6,1314.67,0,-100,-416.67,36.7,6458.64,77503.66,293.47
1,0,2,0,3,1265.94,1438.32,1076.12,233.79,551.97,456.61,1056.78,0,-100,-416.67,31.61,5562.86,66754.38,213.89
1,0,1,4,0,1265.94,3184.4,1073.24,233.79,515.22,627.26,2073.77,0,-100,-416.67,48.05,8456.94,101483.33,380.71
1,0,1,3,1,1265.94,2568.09,1094.28,233.79,530.6,569.27,1670.46,0,-100,-416.67,42.14,7415.75,88989.03,335.84
1,0,1,2,2,1265.94,1951.78,1115.32,233.79,545.98,511.28,1301.54,0,-100,-416.67,36.41,6408.96,76907.48,290.98
1,0,1,1,3,1265.94,1335.47,1136.36,233.79,561.36,453.29,1043.65,0,-100,-416.67,31.32,5513.18,66158.2,211.75
1,0,1,0,4,1265.94,719.16,1157.4,233.79,576.74,395.3,785.76,0,-100,-416.67,26.24,4617.41,55408.91,173.15
1,0,0,5,0,1265.94,3081.55,1133.48,233.79,524.6,623.94,2052.58,0,-100,-416.67,47.72,8399.2,100790.37,378.22
1,0,0,4,1,1265.94,2465.24,1154.52,233.79,539.98,565.95,1649.27,0,-100,-416.67,41.81,7358.01,88296.07,333.36
1,0,0,3,2,1265.94,1848.93,1175.56,233.79,555.36,507.96,1288.42,0,-100,-416.67,36.13,6359.27,76311.3,288.49
1,0,0,2,3,1265.94,1232.62,1196.6,233.79,570.74,449.97,1030.52,0,-100,-416.67,31.04,5463.5,65562.02,209.61
1,0,0,1,4,1265.94,616.31,1217.64,233.79,586.12,391.98,772.63,0,-100,-416.67,25.95,4567.73,54812.73,171.01
1,0,0,0,5,1265.94,0,1238.67,227.31,601.5,333.34,539.57,-63.67,0,-416.67,21.17,3725.99,44711.93,131.98
1,6,0,0,0,1265.94,4530.84,871.16,233.79,507.32,740.9,2670.03,0,-100,-500,58.07,10219.98,122639.79,468.4
1,5,1,0,0,1265.94,4494.86,877.51,233.79,504.21,737.63,2647.43,0,-100,-500,57.74,10161.35,121936.25,465.87
1,5,0,1,0,1265.94,4392.01,934.57,233.79,513.59,733.99,2623.92,0,-100,-500,57.37,10097.81,121173.69,463.14
1,5,0,0,1,1265.94,3775.7,954.51,233.79,528.97,675.89,2219.8,0,-100,-500,51.45,9054.59,108655.09,418.19
1,4,2,0,0,1265.94,4458.88,883.85,233.79,501.1,734.36,2624.82,0,-100,-500,57.4,10102.73,121232.71,463.35
1,4,1,1,0,1265.94,4356.03,940.92,233.79,510.48,730.72,2601.31,0,-100,-500,57.04,10039.18,120470.15,460.61
1,4,1,0,1,1265.94,3739.72,960.85,233.79,525.86,672.62,2197.19,0,-100,-500,51.11,8995.96,107951.55,415.66
1,4,0,2,0,1265.94,4253.18,997.99,233.79,519.86,727.08,2577.81,0,-100,-500,56.68,9975.63,119707.6,457.87
1,4,0,1,1,1265.94,3636.87,1017.92,233.79,535.24,668.98,2173.69,0,-100,-500,50.75,8932.42,107188.99,412.92
1,4,0,0,2,1265.94,3020.56,1037.85,233.79,550.62,610.88,1769.57,0,-100,-500,44.83,7889.2,94670.39,367.97
1,3,3,0,0,1265.94,4422.9,890.2,233.79,497.99,731.08,2602.21,0,-100,-500,57.07,10044.1,120529.16,460.82
1,3,2,1,0,1265.94,4320.05,947.27,233.79,507.37,727.44,2578.7,0,-100,-500,56.71,9980.55,119766.61,458.08
1,3,2,0,1,1265.94,3703.74,967.2,233.79,522.75,669.34,2174.59,0,-100,-500,50.78,8937.33,107248.01,413.14
1,3,1,2,0,1265.94,4217.2,1004.33,233.79,516.75,723.8,2555.2,0,-100,-500,56.35,9917,119004.05,455.35
1,3,1,1,1,1265.94,3600.89,1024.26,233.79,532.13,665.7,2151.08,0,-100,-500,50.42,8873.79,106485.45,410.4
1,3,1,0,2,1265.94,2984.58,1044.2,233.79,547.51,607.6,1746.96,0,-100,-500,44.49,7830.57,93966.85,365.45
1,3,0,3,0,1265.94,4114.35,1061.4,233.79,526.13,720.16,2531.69,0,-100,-500,55.99,9853.46,118241.5,452.61
1,3,0,2,1,1265.94,3498.04,1081.33,233.79,541.51,662.06,2127.57,0,-100,-500,50.06,8810.24,105722.9,407.66
1,3,0,1,2,1265.94,2881.73,1101.26,233.79,556.89,603.96,1723.46,0,-100,-500,44.13,7767.02,93204.29,362.71
1,3,0,0,3,1265.94,2265.42,1121.19,233.79,572.27,545.86,1410.29,0,-100,-500,38.72,6814.76,81777.08,317.76
1,2,4,0,0,1265.94,4386.92,896.54,233.79,494.87,727.81,2579.6,0,-100,-500,56.74,9985.47,119825.62,458.3
1,2,3,1,0,1265.94,4284.07,953.61,233.79,504.26,724.17,2556.1,0,-100,-500,56.37,9921.92,119063.06,455.56
1,2,3,0,1,1265.94,3667.76,973.54,233.79,519.64,666.07,2151.98,0,-100,-500,50.45,8878.71,106544.46,410.61
1,2,2,2,0,1265.94,4181.22,1010.68,233.79,513.64,720.53,2532.59,0,-100,-500,56.01,9858.38,118300.51,452.82
1,2,2,1,1,1265.94,3564.91,1030.61,233.79,529.02,662.43,2128.47,0,-100,-500,50.09,8815.16,105781.91,407.87
1,2,2,0,2,1265.94,2948.6,1050.54,233.79,544.4,604.33,1724.35,0,-100,-500,44.16,7771.94,93263.31,362.92
1,2,1,3,0,1265.94,4078.37,1067.75,233.79,523.02,716.89,2509.08,0,-100,-500,55.65,9794.83,117537.96,450.08
1,2,1,2,1,1265.94,3462.06,1087.68,233.79,538.4,658.79,2104.97,0,-100,-500,49.73,8751.61,105019.35,405.13
1,2,1,1,2,1265.94,2845.75,1107.61,233.79,553.78,600.69,1700.85,0,-100,-500,43.8,7708.4,92500.75,360.18
1,2,1,0,3,1265.94,2229.44,1127.54,233.79,569.16,542.59,1395.87,0,-100,-500,38.43,6764.32,81171.79,315.23
1,2,0,4,0,1265.94,3975.52,1124.81,233.79,532.4,713.25,2485.58,0,-100,-500,55.29,9731.28,116775.4,447.34
1,2,0,3,1,1265.94,3359.21,1144.75,233.79,547.78,655.15,2081.46,0,-100,-500,49.36,8688.07,104256.8,402.39
1,2,0,2,2,1265.94,2742.9,1164.68,233.79,563.16,597.05,1677.34,0,-100,-500,43.44,7644.85,91738.2,357.45
1,2,0,1,3,1265.94,2126.59,1184.61,233.79,578.54,538.95,1311.4,0,-100,-500,37.73,6639.81,79677.75,312.5
1,2,0,0,4,1265.94,1510.28,1204.54,233.79,593.92,480.85,1052.99,0,-100,-500,32.63,5742.3,68907.56,230.18
1,1,5,0,0,1265.94,4350.94,902.89,233.79,491.76,724.53,2557,0,-100,-500,56.4,9926.84,119122.08,455.77
1,1,4,1,0,1265.94,4248.09,959.96,233.79,501.14,720.89,2533.49,0,-100,-500,56.04,9863.29,118359.52,453.03
1,1,4,0,1,1265.94,3631.78,979.89,233.79,516.52,662.79,2129.37,0,-100,-500,50.11,8820.08,105840.92,408.08
1,1,3,2,0,1265.94,4145.24,1017.03,233.79,510.53,717.25,2509.98,0,-100,-500,55.68,9799.75,117596.97,450.29
1,1,3,1,1,1265.94,3528.93,1036.96,233.79,525.91,659.15,2105.86,0,-100,-500,49.75,8756.53,105078.36,405.34
1,1,3,0,2,1265.94,2912.62,1056.89,233.79,541.29,601.05,1701.75,0,-100,-500,43.83,7713.31,92559.76,360.4
1,1,2,3,0,1265.94,4042.39,1074.09,233.79,519.91,713.61,2486.48,0,-100,-500,55.32,9736.2,116834.41,447.56
1,1,2,2,1,1265.94,3426.08,1094.02,233.79,535.29,655.51,2082.36,0,-100,-500,49.39,8692.98,104315.81,402.61
1,1,2,1,2,1265.94,2809.77,1113.96,233.79,550.67,597.41,1678.24,0,-100,-500,43.46,7649.77,91797.21,357.66
1,1,2,0,3,1265.94,2193.46,1133.89,233.79,566.05,539.31,1311.61,0,-100,-500,37.75,6644.04,79728.52,312.71
1,1,1,4,0,1265.94,3939.54,1131.16,233.79,529.29,709.97,2462.97,0,-100,-500,54.96,9672.65,116071.86,444.82
1,1,1,3,1,1265.94,3323.23,1151.09,233.79,544.67,651.87,2058.85,0,-100,-500,49.03,8629.44,103553.26,399.87
1,1,1,2,2,1265.94,2706.92,1171.02,233.79,560.05,593.77,1654.73,0,-100,-500,43.1,7586.22,91034.65,354.92
1,1,1,1,3,1265.94,2090.61,1190.95,233.79,575.43,535.67,1296.98,0,-100,-500,37.44,6589.37,79072.47,309.97
1,1,1,0,4,1265.94,1474.3,1210.88,233.79,590.81,477.57,1038.57,0,-100,-500,32.34,5691.86,68302.27,228.01
1,1,0,5,0,1265.94,3836.69,1188.23,233.79,538.67,706.33,2439.46,0,-100,-500,54.6,9609.11,115309.3,442.08
1,1,0,4,1,1265.94,3220.38,1208.16,233.79,554.05,648.23,2035.35,0,-100,-500,48.67,8565.89,102790.7,397.13
1,1,0,3,2,1265.94,2604.07,1228.09,233.79,569.43,590.13,1631.23,0,-100,-500,42.74,7522.68,90272.1,352.18
1,1,0,2,3,1265.94,1987.76,1248.02,233.79,584.81,532.03,1282.35,0,-100,-500,37.13,6534.7,78416.42,307.23
1,1,0,1,4,1265.94,1371.45,1267.95,233.79,600.19,473.93,1023.94,0,-100,-500,32.03,5637.19,67646.22,225.65
1,1,0,0,5,1265.94,755.14,1287.88,233.79,615.58,415.83,765.52,0,-100,-500,26.93,4739.67,56876.03,186.98
1,0,6,0,0,1265.94,4314.96,909.24,233.79,488.65,721.26,2534.39,0,-100,-500,56.07,9868.21,118418.53,453.24
1,0,5,1,0,1265.94,4212.11,966.3,233.79,498.03,717.62,2510.88,0,-100,-500,55.71,9804.66,117655.98,450.51
1,0,5,0,1,1265.94,3595.8,986.23,233.79,513.41,659.52,2106.76,0,-100,-500,49.78,8761.45,105137.38,405.56
1,0,4,2,0,1265.94,4109.26,1023.37,233.79,507.41,713.98,2487.38,0,-100,-500,55.35,9741.12,116893.42,447.77
1,0,4,1,1,1265.94,3492.95,1043.3,233.79,522.79,655.88,2083.26,0,-100,-500,49.42,8697.9,104374.82,402.82
1,0,4,0,2,1265.94,2876.64,1063.23,233.79,538.17,597.78,1679.14,0,-100,-500,43.49,7654.68,91856.22,357.87
1,0,3,3,0,1265.94,4006.41,1080.44,233.79,516.8,710.34,2463.87,0,-100,-500,54.99,9677.57,116130.87,445.03
1,0,3,2,1,1265.94,3390.1,1100.37,233.79,532.18,652.24,2059.75,0,-100,-500,49.06,8634.36,103612.27,400.08
1,0,3,1,2,1265.94,2773.79,1120.3,233.79,547.56,594.14,1655.63,0,-100,-500,43.13,7591.14,91093.66,355.13
1,0,3,0,3,1265.94,2157.48,1140.23,233.79,562.94,536.04,1297.2,0,-100,-500,37.46,6593.6,79123.24,310.18
1,0,2,4,0,1265.94,3903.56,1137.51,233.79,526.18,706.7,2440.36,0,-100,-500,54.63,9614.03,115368.32,442.29
1,0,2,3,1,1265.94,3287.25,1157.44,233.79,541.56,648.6,2036.24,0,-100,-500,48.7,8570.81,102849.71,397.34
1,0,2,2,2,1265.94,2670.94,1177.37,233.79,556.94,590.5,1632.13,0,-100,-500,42.77,7527.59,90331.11,352.39
1,0,2,1,3,1265.94,2054.63,1197.3,233.79,572.32,532.4,1282.56,0,-100,-500,37.15,6538.93,78467.19,307.44
1,0,2,0,4,1265.94,1438.32,1217.23,233.79,587.7,474.3,1024.15,0,-100,-500,32.05,5641.42,67696.99,225.83
1,0,1,5,0,1265.94,3800.71,1194.57,233.79,535.56,703.06,2416.86,0,-100,-500,54.26,9550.48,114605.76,439.55
1,0,1,4,1,1265.94,3184.4,1214.5,233.79,550.94,644.96,2012.74,0,-100,-500,48.34,8507.26,102087.16,394.6
1,0,1,3,2,1265.94,2568.09,1234.44,233.79,566.32,586.86,1608.62,0,-100,-500,42.41,7464.05,89568.56,349.66
1,0,1,2,3,1265.94,1951.78,1254.37,233.79,581.7,528.76,1267.93,0,-100,-500,36.84,6484.26,77811.13,304.71
1,0,1,1,4,1265.94,1335.47,1274.3,233.79,597.08,470.66,1009.52,0,-100,-500,31.74,5586.75,67040.94,223.48
1,0,1,0,5,1265.94,719.16,1294.23,233.79,612.46,412.56,751.1,0,-100,-500,26.64,4689.23,56270.75,184.81
1,0,0,6,0,1265.94,3697.86,1251.64,233.79,544.94,699.42,2393.35,0,-100,-500,53.9,9486.93,113843.21,436.82
1,0,0,5,1,1265.94,3081.55,1271.57,233.79,560.32,641.32,1989.23,0,-100,-500,47.98,8443.72,101324.6,391.87
1,0,0,4,2,1265.94,2465.24,1291.5,233.79,575.7,583.22,1581.55,0,-100,-500,42.03,7396.94,88763.26,346.92
1,0,0,3,3,1265.94,1848.93,1311.43,233.79,591.08,525.12,1253.3,0,-100,-500,36.53,6429.59,77155.08,295.88
1,0,0,2,4,1265.94,1232.62,1331.37,233.79,606.47,467.02,994.89,0,-100,-500,31.43,5532.07,66384.89,221.12
1,0,0,1,5,1265.94,616.31,1351.3,233.79,621.85,408.92,736.47,0,-100,-500,26.33,4634.56,55614.69,182.45
1,0,0,0,6,1265.94,0,1371.23,227.31,637.23,350.17,548.87,-34.04,0,-500,21.97,3866.69,46400.34,143.35
2,0,0,0,0,675.44,0,486.66,438.87,478.32,207.93,409.62,0,0,0,7.66,2696.85,32362.15,26.97
2,1,0,0,0,786.49,755.14,598.01,445.35,492.4,307.74,681.15,0,-50,-83.33,11.17,3932.94,47195.33,43.51
2,0,1,0,0,786.49,719.16,605.41,445.35,489.29,304.57,667.23,0,-50,-83.33,11.03,3884.17,46610.02,43.19
2,0,0,1,0,786.49,616.31,671.99,445.35,498.67,301.88,657.1,0,-50,-83.33,10.92,3844.46,46133.58,42.94
2,0,0,0,1,786.49,0,695.24,438.87,514.05,243.47,410.21,-144.97,0,-83.33,8.13,2860.04,34320.46,35.85
2,2,0,0,0,786.49,1510.28,696.65,445.35,506.47,394.52,935.51,0,-100,-166.67,14.23,5008.61,60103.33,56.24
2,1,1,0,0,786.49,1474.3,703.7,445.35,503.36,391.32,921.42,0,-100,-166.67,14.09,4959.28,59511.36,55.92
2,1,0,1,0,786.49,1371.45,767.11,445.35,512.74,388.31,909.8,0,-100,-166.67,13.96,4914.59,58975.05,55.63
2,1,0,0,1,786.49,755.14,789.25,445.35,528.13,330.44,629.25,-58.43,-100,-166.67,11.19,3938.95,47267.43,51.09
2,0,2,0,0,786.49,1438.32,710.75,445.35,500.25,388.12,907.34,0,-100,-166.67,13.95,4909.95,58919.39,55.6
2,0,1,1,0,786.49,1335.47,774.16,445.35,509.63,385.11,895.71,0,-100,-166.67,13.82,4865.26,58383.08,55.31
2,0,1,0,1,786.49,719.16,796.3,445.35,525.01,327.23,609.33,-73.15,-100,-166.67,10.99,3869.07,46428.79,51.08
2,0,0,2,0,786.49,1232.62,837.57,445.35,519.02,382.1,884.08,0,-100,-166.67,13.69,4820.56,57846.77,55.03
2,0,0,1,1,786.49,616.31,859.71,445.35,534.4,324.23,592.41,-86.48,-100,-166.67,10.81,3805.75,45669,51.07
2,0,0,0,2,786.49,0,881.86,438.87,549.78,265.7,363.54,-292.62,0,-166.67,8.03,2826.95,33923.44,43.34
2,3,0,0,0,1056.35,2265.42,782.57,445.35,520.55,507.02,1323.97,0,-100,-250,18.61,6551.23,78614.77,77.79
2,2,1,0,0,1056.35,2229.44,789.27,445.35,517.44,503.78,1309.71,0,-100,-250,18.47,6501.35,78016.15,76.72
2,2,0,1,0,1056.35,2126.59,849.51,445.35,526.82,500.46,1296.59,0,-100,-250,18.33,6451.66,77419.97,75.65
2,2,0,0,1,1056.35,1510.28,870.55,445.35,542.2,442.47,1038.69,0,-100,-250,15.78,5555.89,66670.68,64.06
2,1,2,0,0,1056.35,2193.46,795.97,445.35,514.33,500.55,1295.46,0,-100,-250,18.33,6451.46,77417.52,75.64
2,1,1,1,0,1056.35,2090.61,856.21,445.35,523.71,497.22,1282.33,0,-100,-250,18.19,6401.78,76821.34,74.57
2,1,1,0,1,1056.35,1474.3,877.25,445.35,539.09,439.23,1024.44,0,-100,-250,15.64,5506,66072.06,63.73
2,1,0,2,0,1056.35,1987.76,916.45,445.35,533.09,493.9,1269.2,0,-100,-250,18.05,6352.1,76225.16,73.5
2,1,0,1,1,1056.35,1371.45,937.48,445.35,548.47,435.91,1011.31,0,-100,-250,15.5,5456.32,65475.88,63.41
2,1,0,0,2,1056.35,755.14,958.52,445.35,563.85,377.92,753.42,0,-100,-250,12.96,4560.55,54726.59,57.63
2,0,3,0,0,1056.35,2157.48,802.67,445.35,511.21,497.31,1281.21,0,-100,-250,18.19,6401.57,76818.9,74.57
2,0,2,1,0,1056.35,2054.63,862.91,445.35,520.6,493.98,1268.08,0,-100,-250,18.05,6351.89,76222.72,73.5
2,0,2,0,1,1056.35,1438.32,883.94,445.35,535.98,435.99,1010.19,0,-100,-250,15.5,5456.12,65473.43,63.41
2,0,1,2,0,1056.35,1951.78,923.14,445.35,529.98,490.66,1254.95,0,-100,-250,17.9,6302.21,75626.53,72.43
2,0,1,1,1,1056.35,1335.47,944.18,445.35,545.36,432.67,997.06,0,-100,-250,15.36,5406.44,64877.25,63.09
2,0,1,0,2,1056.35,719.16,965.22,445.35,560.74,374.68,718.4,-1.14,-100,-250,12.75,4488.75,53865.04,57.64
2,0,0,3,0,1056.35,1848.93,983.38,445.35,539.36,487.34,1241.82,0,-100,-250,17.76,6252.53,75030.35,71.36
2,0,0,2,1,1056.35,1232.62,1004.42,445.35,554.74,429.35,983.93,0,-100,-250,15.22,5356.76,64281.07,62.77
2,0,0,1,2,1056.35,616.31,1025.46,445.35,570.12,371.36,733.03,-6.99,-100,-250,12.67,4460.98,53531.78,56.99
2,0,0,0,3,1056.35,0,1046.5,438.87,585.5,312.72,477,-220.69,0,-250,9.79,3446.25,41355.05,49.33
2,4,0,0,0,1056.35,3020.56,903.33,445.35,534.62,596.02,1608.64,0,-100,-333.33,21.96,7731.54,92778.49,107.5
2,3,1,0,0,1056.35,2984.58,910.03,445.35,531.51,592.78,1594.39,0,-100,-333.33,21.82,7681.66,92179.87,106.43
2,3,0,1,0,1056.35,2881.73,970.27,445.35,540.89,589.46,1581.26,0,-100,-333.33,21.68,7631.97,91583.69,105.36
2,3,0,0,1,1056.35,2265.42,991.31,445.35,556.28,531.47,1323.36,0,-100,-333.33,19.14,6736.2,80834.4,86.06
2,2,2,0,0,1056.35,2948.6,916.73,445.35,528.4,589.54,1580.13,0,-100,-333.33,21.68,7631.77,91581.24,105.35
2,2,1,1,0,1056.35,2845.75,976.97,445.35,537.78,586.22,1567.01,0,-100,-333.33,21.54,7582.09,90985.06,104.28
2,2,1,0,1,1056.35,2229.44,998.01,445.35,553.16,528.23,1309.11,0,-100,-333.33,19,6686.31,80235.78,84.99
2,2,0,2,0,1056.35,2742.9,1037.2,445.35,547.17,582.9,1553.88,0,-100,-333.33,21.4,7532.41,90388.88,103.21
2,2,0,1,1,1056.35,2126.59,1058.24,445.35,562.55,524.91,1295.98,0,-100,-333.33,18.85,6636.63,79639.6,83.91
2,2,0,0,2,1056.35,1510.28,1079.28,445.35,577.93,466.92,1038.09,0,-100,-333.33,16.31,5740.86,68890.31,69.53
2,1,3,0,0,1056.35,2912.62,923.43,445.35,525.29,586.3,1565.88,0,-100,-333.33,21.54,7581.88,90982.62,104.28
2,1,2,1,0,1056.35,2809.77,983.67,445.35,534.67,582.98,1552.75,0,-100,-333.33,21.4,7532.2,90386.44,103.21
2,1,2,0,1,1056.35,2193.46,1004.7,445.35,550.05,524.99,1294.86,0,-100,-333.33,18.85,6636.43,79637.15,83.91
2,1,1,2,0,1056.35,2706.92,1043.9,445.35,544.05,579.66,1539.62,0,-100,-333.33,21.26,7482.52,89790.25,102.14
2,1,1,1,1,1056.35,2090.61,1064.94,445.35,559.43,521.67,1281.73,0,-100,-333.33,18.71,6586.75,79040.97,82.84
2,1,1,0,2,1056.35,1474.3,1085.98,445.35,574.81,463.68,1023.84,0,-100,-333.33,16.17,5690.97,68291.69,69.21
2,1,0,3,0,1056.35,2604.07,1104.14,445.35,553.44,576.33,1526.5,0,-100,-333.33,21.12,7432.84,89194.07,101.07
2,1,0,2,1,1056.35,1987.76,1125.18,445.35,568.82,518.35,1268.6,0,-100,-333.33,18.57,6537.07,78444.79,81.77
2,1,0,1,2,1056.35,1371.45,1146.22,445.35,584.2,460.36,1010.71,0,-100,-333.33,16.03,5641.29,67695.5,68.89
2,1,0,0,3,1056.35,755.14,1167.26,445.35,599.58,402.37,752.82,0,-100,-333.33,13.48,4745.52,56946.22,63.1
2,0,4,0,0,1056.35,2876.64,930.13,445.35,522.18,583.06,1551.63,0,-100,-333.33,21.4,7532,90383.99,103.2
2,0,3,1,0,1056.35,2773.79,990.36,445.35,531.56,579.74,1538.5,0,-100,-333.33,21.26,7482.32,89787.81,102.13
2,0,3,0,1,1056.35,2157.48,1011.4,445.35,546.94,521.75,1280.61,0,-100,-333.33,18.71,6586.54,79038.53,82.84
2,0,2,2,0,1056.35,2670.94,1050.6,445.35,540.94,576.42,1525.37,0,-100,-333.33,21.12,7432.64,89191.63,101.06
2,0,2,1,1,1056.35,2054.63,1071.64,445.35,556.32,518.43,1267.48,0,-100,-333.33,18.57,6536.86,78442.34,81.77
2,0,2,0,2,1056.35,1438.32,1092.68,445.35,571.7,460.44,1009.59,0,-100,-333.33,16.03,5641.09,67693.06,68.89
2,0,1,3,0,1056.35,2568.09,1110.84,445.35,550.32,573.09,1512.24,0,-100,-333.33,20.97,7382.95,88595.45,99.99
2,0,1,2,1,1056.35,1951.78,1131.88,445.35,565.7,515.11,1254.35,0,-100,-333.33,18.43,6487.18,77846.16,80.7
2,0,1,1,2,1056.35,1335.47,1152.92,445.35,581.08,457.12,996.46,0,-100,-333.33,15.88,5591.41,67096.88,68.57
2,0,1,0,3,1056.35,719.16,1173.95,445.35,596.46,399.13,738.56,0,-100,-333.33,13.34,4695.63,56347.59,62.78
2,0,0,4,0,1056.35,2465.24,1171.08,445.35,559.71,569.77,1499.11,0,-100,-333.33,20.83,7333.27,87999.26,98.92
2,0,0,3,1,1056.35,1848.93,1192.12,445.35,575.09,511.78,1241.22,0,-100,-333.33,18.29,6437.5,77249.98,79.62
2,0,0,2,2,1056.35,1232.62,1213.15,445.35,590.47,453.79,983.33,0,-100,-333.33,15.74,5541.72,66500.7,68.25
2,0,0,1,3,1056.35,616.31,1234.19,445.35,605.85,395.8,725.43,0,-100,-333.33,13.2,4645.95,55751.41,62.46
2,0,0,0,4,1056.35,0,1255.23,438.87,621.23,337.17,503.65,-164.07,0,-333.33,10.55,3715.09,44581.11,53.27
2,5,0,0,0,1265.94,3775.7,970.19,445.35,548.7,700.59,2019.4,0,-100,-416.67,26.16,9209.19,110510.28,165.48
2,4,1,0,0,1265.94,3739.72,976.54,445.35,545.59,697.31,2004.98,0,-100,-416.67,26.02,9158.75,109905,164.21
2,4,0,1,0,1265.94,3636.87,1033.6,445.35,554.97,693.67,1990.35,0,-100,-416.67,25.86,9104.08,109248.95,162.84
2,4,0,0,1,1265.94,3020.56,1053.54,445.35,570.35,635.57,1673.73,0,-100,-416.67,23.15,8148.37,97780.43,120.76
2,3,2,0,0,1265.94,3703.74,982.88,445.35,542.48,694.04,1990.56,0,-100,-416.67,25.88,9108.31,109299.72,162.95
2,3,1,1,0,1265.94,3600.89,1039.95,445.35,551.86,690.4,1975.93,0,-100,-416.67,25.72,9053.64,108643.66,161.58
2,3,1,0,1,1265.94,2984.58,1059.88,445.35,567.24,632.3,1659.31,0,-100,-416.67,23.01,8097.93,97175.15,119.68
2,3,0,2,0,1265.94,3498.04,1097.02,445.35,561.24,686.76,1961.3,0,-100,-416.67,25.57,8998.97,107987.61,156.12
2,3,0,1,1,1265.94,2881.73,1116.95,445.35,576.62,628.66,1644.68,0,-100,-416.67,22.85,8043.26,96519.09,118.5
2,3,0,0,2,1265.94,2265.42,1136.88,445.35,592,570.56,1386.27,0,-100,-416.67,20.3,7145.74,85748.9,99.16
2,2,3,0,0,1265.94,3667.76,989.23,445.35,539.36,690.76,1976.14,0,-100,-416.67,25.73,9057.87,108694.43,161.69
2,2,2,1,0,1265.94,3564.91,1046.3,445.35,548.75,687.12,1961.51,0,-100,-416.67,25.58,9003.2,108038.38,156.91
2,2,2,0,1,1265.94,2948.6,1066.23,445.35,564.13,629.02,1644.9,0,-100,-416.67,22.86,8047.49,96569.86,118.59
2,2,1,2,0,1265.94,3462.06,1103.36,445.35,558.13,683.48,1946.88,0,-100,-416.67,25.42,8948.53,107382.33,146.68
2,2,1,1,1,1265.94,2845.75,1123.29,445.35,573.51,625.38,1630.26,0,-100,-416.67,22.71,7992.82,95913.81,117.41
2,2,1,0,2,1265.94,2229.44,1143.23,445.35,588.89,567.28,1371.85,0,-100,-416.67,20.16,7095.3,85143.62,98.08
2,2,0,3,0,1265.94,3359.21,1160.43,445.35,567.51,679.84,1932.24,0,-100,-416.67,25.27,8893.86,106726.28,136.45
2,2,0,2,1,1265.94,2742.9,1180.36,445.35,582.89,621.74,1615.63,0,-100,-416.67,22.55,7938.15,95257.76,116.24
2,2,0,1,2,1265.94,2126.59,1200.29,445.35,598.27,563.64,1357.22,0,-100,-416.67,20,7040.63,84487.56,96.9
2,2,0,0,3,1265.94,1510.28,1220.22,445.35,613.65,505.54,1098.8,0,-100,-416.67,17.45,6143.11,73717.37,77.56
2,1,4,0,0,1265.94,3631.78,995.57,445.35,536.25,687.49,1961.72,0,-100,-416.67,25.59,9007.43,108089.15,157.7
2,1,3,1,0,1265.94,3528.93,1052.64,445.35,545.63,683.85,1947.09,0,-100,-416.67,25.43,8952.76,107433.1,147.47
2,1,3,0,0,1265.94,2912.62,1072.57,445.35,561.01,625.75,1630.48,0,-100,-416.67,22.72,7997.05,95964.58,117.5
2,1,2,2,0,1265.94,3426.08,1109.71,445.35,555.02,680.21,1932.46,0,-100,-416.67,25.28,8898.09,106777.05,137.24
2,1,2,1,1,1265.94,2809.77,1129.64,445.35,570.4,622.11,1615.85,0,-100,-416.67,22.56,7942.38,95308.53,116.33
2,1,2,0,2,1265.94,2193.46,1149.57,445.35,585.78,564.01,1357.43,0,-100,-416.67,20.01,7044.86,84538.33,96.99
2,1,1,3,0,1265.94,3323.23,1166.78,445.35,564.4,676.57,1917.83,0,-100,-416.67,25.12,8843.42,106120.99,134.48
2,1,1,2,1,1265.94,2706.92,1186.71,445.35,579.78,618.47,1601.21,0,-100,-416.67,22.41,7887.71,94652.47,115.15
2,1,1,1,2,1265.94,2090.61,1206.64,445.35,595.16,560.37,1342.8,0,-100,-416.67,19.86,6990.19,83882.28,95.81
2,1,1,0,3,1265.94,1474.3,1226.57,445.35,610.54,502.27,1084.38,0,-100,-416.67,17.31,6092.67,73112.09,76.48
2,1,0,4,0,1265.94,3220.38,1223.84,445.35,573.78,672.93,1903.19,0,-100,-416.67,24.97,8788.75,105464.94,133.31
2,1,0,3,1,1265.94,2604.07,1243.78,445.35,589.16,614.83,1586.58,0,-100,-416.67,22.25,7833.04,93996.42,113.97
2,1,0,2,2,1265.94,1987.76,1263.71,445.35,604.54,556.73,1328.17,0,-100,-416.67,19.7,6935.52,83226.23,94.64
2,1,0,1,3,1265.94,1371.45,1283.64,445.35,619.92,498.63,1069.75,0,-100,-416.67,17.15,6038,72456.03,75.73
2,1,0,0,4,1265.94,755.14,1303.57,445.35,635.3,440.53,811.33,0,-100,-416.67,14.6,5140.49,61685.84,69.94
2,0,5,0,0,1265.94,3595.8,1001.92,445.35,533.14,684.21,1947.3,0,-100,-416.67,25.45,8956.99,107483.87,148.26
2,0,4,1,0,1265.94,3492.95,1058.99,445.35,542.52,680.57,1932.67,0,-100,-416.67,25.29,8902.32,106827.81,138.03
2,0,4,0,1,1265.94,2876.64,1078.92,445.35,557.9,622.47,1616.06,0,-100,-416.67,22.58,7946.61,95359.3,116.42
2,0,3,2,0,1265.94,3390.1,1116.06,445.35,551.9,676.93,1918.04,0,-100,-416.67,25.14,8847.65,106171.76,134.58
2,0,3,1,1,1265.94,2773.79,1135.99,445.35,567.28,618.83,1601.43,0,-100,-416.67,22.42,7891.94,94703.24,115.24
2,0,3,0,2,1265.94,2157.48,1155.92,445.35,582.66,560.73,1343.01,0,-100,-416.67,19.87,6994.42,83933.05,95.9
2,0,2,3,0,1265.94,3287.25,1173.12,445.35,561.29,673.29,1903.41,0,-100,-416.67,24.98,8792.98,105515.71,133.4
2,0,2,2,1,1265.94,2670.94,1193.05,445.35,576.67,615.19,1586.8,0,-100,-416.67,22.27,7837.27,94047.19,114.06
2,0,2,1,2,1265.94,2054.63,1212.99,445.35,592.05,557.09,1328.38,0,-100,-416.67,19.72,6939.75,83277,94.73
2,0,2,0,3,1265.94,1438.32,1232.92,445.35,607.43,498.99,1069.96,0,-100,-416.67,17.17,6042.23,72506.8,75.76
2,0,1,4,0,1265.94,3184.4,1230.19,445.35,570.67,669.65,1888.78,0,-100,-416.67,24.82,8738.3,104859.66,132.22
2,0,1,3,1,1265.94,2568.09,1250.12,445.35,586.05,611.55,1572.16,0,-100,-416.67,22.11,7782.59,93391.14,112.88
2,0,1,2,2,1265.94,1951.78,1270.05,445.35,601.43,553.45,1313.75,0,-100,-416.67,19.56,6885.08,82620.95,93.55
2,0,1,1,3,1265.94,1335.47,1289.98,445.35,616.81,495.35,1055.33,0,-100,-416.67,17.01,5987.56,71850.75,75.41
2,0,1,0,4,1265.94,719.16,1309.91,445.35,632.19,437.25,796.91,0,-100,-416.67,14.46,5090.05,61080.56,69.61
2,0,0,5,0,1265.94,3081.55,1287.26,445.35,580.05,666.01,1874.14,0,-100,-416.67,24.67,8683.63,104203.61,131.04
2,0,0,4,1,1265.94,2465.24,1307.19,445.35,595.43,607.91,1557.53,0,-100,-416.67,21.95,7727.92,92735.09,111.71
2,0,0,3,2,1265.94,1848.93,1327.12,445.35,610.81,549.81,1299.12,0,-100,-416.67,19.4,6830.41,81964.89,92.37
2,0,0,2,3,1265.94,1232.62,1347.05,445.35,626.19,491.71,1040.7,0,-100,-416.67,16.85,5932.89,71194.7,75.05
2,0,0,1,4,1265.94,616.31,1366.98,445.35,641.57,433.61,782.28,0,-100,-416.67,14.31,5035.38,60424.5,69.26
2,0,0,0,5,1265.94,0,1386.91,438.87,656.95,374.87,608.37,-47.73,0,-416.67,12.12,4267.51,51210.15,57.29
2,6,0,0,0,1265.94,4530.84,1084.59,445.35,562.77,788.95,2362.66,0,-100,-500,29.66,10441.11,125293.26,199.76
2,5,1,0,0,1265.94,4494.86,1090.94,445.35,559.66,785.67,2340.06,0,-100,-500,29.5,10382.48,124589.72,198.49
2,5,0,1,0,1265.94,4392.01,1148.01,445.35,569.04,782.03,2316.55,0,-100,-500,29.32,10318.93,123827.17,197.13
2,5,0,0,1,1265.94,3775.7,1167.94,445.35,584.43,723.93,2025.23,0,-100,-500,26.67,9388.51,112662.12,174.65
2,4,2,0,0,1265.94,4458.88,1097.29,445.35,556.55,782.4,2317.45,0,-100,-500,29.33,10323.85,123886.18,197.23
2,4,1,1,0,1265.94,4356.03,1154.35,445.35,565.93,778.76,2293.94,0,-100,-500,29.15,10260.3,123123.62,195.86
2,4,1,0,1,1265.94,3739.72,1174.28,445.35,581.31,720.66,2010.81,0,-100,-500,26.53,9338.07,112056.83,173.39
2,4,0,2,0,1265.94,4253.18,1211.42,445.35,575.32,775.12,2270.44,0,-100,-500,28.97,10196.76,122361.07,194.49
2,4,0,1,1,1265.94,3636.87,1231.35,445.35,590.7,717.02,1996.18,0,-100,-500,26.37,9283.4,111400.78,172.02
2,4,0,0,2,1265.94,3020.56,1251.28,445.35,606.08,658.92,1667.93,0,-100,-500,23.63,8316.05,99792.6,128.66
2,3,3,0,0,1265.94,4422.9,1103.63,445.35,553.44,779.13,2294.84,0,-100,-500,29.16,10265.22,123182.63,195.97
2,3,2,1,0,1265.94,4320.05,1160.7,445.35,562.82,775.49,2271.34,0,-100,-500,28.98,10201.67,122420.08,194.6
2,3,2,0,1,1265.94,3703.74,1180.63,445.35,578.2,717.39,1996.39,0,-100,-500,26.39,9287.63,111451.55,172.12
2,3,1,2,0,1265.94,4217.2,1217.77,445.35,572.2,771.85,2247.83,0,-100,-500,28.8,10138.13,121657.52,193.23
2,3,1,1,1,1265.94,3600.89,1237.7,445.35,587.58,713.75,1981.76,0,-100,-500,26.23,9232.96,110795.5,168.75
2,3,1,0,2,1265.94,2984.58,1257.63,445.35,602.96,655.65,1653.51,0,-100,-500,23.48,8265.61,99187.31,127.57
2,3,0,3,0,1265.94,4114.35,1274.83,445.35,581.59,768.21,2225.55,0,-100,-500,28.62,10075.8,120909.64,191.86
2,3,0,2,1,1265.94,3498.04,1294.77,445.35,596.97,710.11,1967.13,0,-100,-500,26.07,9178.29,110139.44,158.52
2,3,0,1,2,1265.94,2881.73,1314.7,445.35,612.35,652.01,1638.88,0,-100,-500,23.33,8210.94,98531.26,126.39
2,3,0,0,3,1265.94,2265.42,1334.63,445.35,627.73,593.91,1380.46,0,-100,-500,20.78,7313.42,87761.07,107.06
2,2,4,0,0,1265.94,4386.92,1109.98,445.35,550.33,775.85,2272.23,0,-100,-500,29,10206.59,122479.09,194.71
2,2,3,1,0,1265.94,4284.07,1167.05,445.35,559.71,772.21,2248.73,0,-100,-500,28.82,10143.04,121716.53,193.34
2,2,3,0,1,1265.94,3667.76,1186.98,445.35,575.09,714.11,1981.97,0,-100,-500,26.24,9237.19,110846.27,169.54
2,2,2,2,0,1265.94,4181.22,1224.11,445.35,569.09,768.57,2225.76,0,-100,-500,28.64,10080.03,120960.41,191.97
2,2,2,1,1,1265.94,3564.91,1244.04,445.35,584.47,710.47,1967.34,0,-100,-500,26.09,9182.52,110190.21,159.31
2,2,2,0,2,1265.94,2948.6,1263.97,445.35,599.85,652.37,1639.09,0,-100,-500,23.34,8215.17,98582.03,126.48
2,2,1,3,0,1265.94,4078.37,1281.18,445.35,578.47,764.93,2211.13,0,-100,-500,28.48,10025.36,120304.36,190.6
2,2,1,2,1,1265.94,3462.06,1301.11,445.35,593.85,706.83,1952.71,0,-100,-500,25.93,9127.85,109534.16,149.08
2,2,1,1,2,1265.94,2845.75,1321.04,445.35,609.23,648.73,1624.46,0,-100,-500,23.18,8160.5,97925.98,125.31
2,2,1,0,3,1265.94,2229.44,1340.97,445.35,624.61,590.63,1366.04,0,-100,-500,20.63,7262.98,87155.78,105.97
2,2,0,4,0,1265.94,3975.52,1338.25,445.35,587.86,761.29,2196.5,0,-100,-500,28.33,9970.69,119648.3,189.23
2,2,0,3,1,1265.94,3359.21,1358.18,445.35,603.24,703.19,1938.08,0,-100,-500,25.78,9073.18,108878.11,143.46
2,2,0,2,2,1265.94,2742.9,1378.11,445.35,618.62,645.09,1609.83,0,-100,-500,23.03,8105.83,97269.93,124.13
2,2,0,1,3,1265.94,2126.59,1398.04,445.35,634,586.99,1351.41,0,-100,-500,20.48,7208.31,86499.73,104.79
2,2,0,0,4,1265.94,1510.28,1417.97,445.35,649.38,528.89,1092.99,0,-100,-500,17.93,6310.79,75729.54,85.46
2,1,5,0,0,1265.94,4350.94,1116.32,445.35,547.21,772.58,2249.63,0,-100,-500,28.83,10147.96,121775.55,193.44
2,1,4,1,0,1265.94,4248.09,1173.39,445.35,556.6,768.94,2226.12,0,-100,-500,28.65,10084.42,121012.99,192.07
2,1,4,0,1,1265.94,3631.78,1193.32,445.35,571.98,710.84,1967.55,0,-100,-500,26.1,9186.75,110240.98,160.1
2,1,3,2,0,1265.94,4145.24,1230.46,445.35,565.98,765.3,2211.34,0,-100,-500,28.49,10029.59,120355.12,190.7
2,1,3,1,1,1265.94,3528.93,1250.39,445.35,581.36,707.2,1952.92,0,-100,-500,25.94,9132.08,109584.93,149.87
2,1,3,0,2,1265.94,2912.62,1270.32,445.35,596.74,649.1,1624.67,0,-100,-500,23.2,8164.73,97976.75,125.4
2,1,2,3,0,1265.94,4042.39,1287.53,445.35,575.36,761.66,2196.71,0,-100,-500,28.34,9974.92,119699.07,189.34
2,1,2,2,1,1265.94,3426.08,1307.46,445.35,590.74,703.56,1938.29,0,-100,-500,25.79,9077.41,108928.88,143.56
2,1,2,1,2,1265.94,2809.77,1327.39,445.35,606.12,645.46,1610.04,0,-100,-500,23.04,8110.06,97320.7,124.22
2,1,2,0,3,1265.94,2193.46,1347.32,445.35,621.5,587.36,1351.62,0,-100,-500,20.49,7212.54,86550.5,104.88
2,1,1,4,0,1265.94,3939.54,1344.59,445.35,584.74,758.02,2182.08,0,-100,-500,28.18,9920.25,119043.02,187.97
2,1,1,3,1,1265.94,3323.23,1364.52,445.35,600.12,699.92,1923.66,0,-100,-500,25.63,9022.74,108272.83,142.38
2,1,1,2,2,1265.94,2706.92,1384.46,445.35,615.5,641.82,1595.41,0,-100,-500,22.88,8055.39,96664.64,123.04
2,1,1,1,3,1265.94,2090.61,1404.39,445.35,630.88,583.72,1336.99,0,-100,-500,20.33,7157.87,85894.45,103.71
2,1,1,0,4,1265.94,1474.3,1424.32,445.35,646.26,525.62,1078.57,0,-100,-500,17.79,6260.35,75124.25,84.37
2,1,0,5,0,1265.94,3836.69,1401.66,445.35,594.13,754.38,2167.45,0,-100,-500,28.03,9865.58,118386.97,186.6
2,1,0,4,1,1265.94,3220.38,1421.59,445.35,609.51,696.28,1909.03,0,-100,-500,25.48,8968.06,107616.77,141.2
2,1,0,3,2,1265.94,2604.07,1441.52,445.35,624.89,638.18,1580.78,0,-100,-500,22.73,8000.72,96008.59,121.86
2,1,0,2,3,1265.94,1987.76,1461.45,445.35,640.27,580.08,1322.36,0,-100,-500,20.18,7103.2,85238.4,102.53
2,1,0,1,4,1265.94,1371.45,1481.39,445.35,655.65,521.98,1063.94,0,-100,-500,17.63,6205.68,74468.2,83.19
2,1,0,0,5,1265.94,755.14,1501.32,445.35,671.03,463.88,805.81,0,-100,-500,15.08,5308.45,63701.4,75.3
2,0,6,0,0,1265.94,4314.96,1122.67,445.35,544.1,769.3,2227.02,0,-100,-500,28.66,10089.33,121072,192.18
2,0,5,1,0,1265.94,4212.11,1179.74,445.35,553.48,765.66,2211.55,0,-100,-500,28.51,10033.82,120405.89,190.81
2,0,5,0,1,1265.94,3595.8,1199.67,445.35,568.86,707.56,1953.13,0,-100,-500,25.96,9136.31,109635.7,150.66
2,0,4,2,0,1265.94,4109.26,1236.8,445.35,562.87,762.02,2196.92,0,-100,-500,28.35,9979.15,119749.84,189.44
2,0,4,1,1,1265.94,3492.95,1256.74,445.35,578.25,703.92,1938.5,0,-100,-500,25.8,9081.64,108979.65,143.65
2,0,4,0,2,1265.94,2876.64,1276.67,445.35,593.63,645.82,1610.25,0,-100,-500,23.05,8114.29,97371.46,124.31
2,0,3,3,0,1265.94,4006.41,1293.87,445.35,572.25,758.38,2182.29,0,-100,-500,28.19,9924.48,119093.79,188.07
2,0,3,2,1,1265.94,3390.1,1313.8,445.35,587.63,700.28,1923.87,0,-100,-500,25.64,9026.97,108323.6,142.47
2,0,3,1,2,1265.94,2773.79,1333.73,445.35,603.01,642.18,1595.62,0,-100,-500,22.9,8059.62,96715.41,123.13
2,0,3,0,3,1265.94,2157.48,1353.67,445.35,618.39,584.08,1337.2,0,-100,-500,20.35,7162.1,85945.22,103.8
2,0,2,4,0,1265.94,3903.56,1350.94,445.35,581.63,754.74,2167.66,0,-100,-500,28.04,9869.81,118437.74,186.7
2,0,2,3,1,1265.94,3287.25,1370.87,445.35,597.01,696.64,1909.24,0,-100,-500,25.49,8972.3,107667.54,141.29
2,0,2,2,2,1265.94,2670.94,1390.8,445.35,612.39,638.54,1580.99,0,-100,-500,22.74,8004.95,96059.36,121.96
2,0,2,1,3,1265.94,2054.63,1410.73,445.35,627.77,580.44,1322.57,0,-100,-500,20.19,7107.43,85289.17,102.62
2,0,2,0,4,1265.94,1438.32,1430.66,445.35,643.15,522.34,1064.15,0,-100,-500,17.64,6209.91,74518.97,83.28
2,0,1,5,0,1265.94,3800.71,1408.01,445.35,591.01,751.1,2153.03,0,-100,-500,27.88,9815.14,117781.69,185.33
2,0,1,4,1,1265.94,3184.4,1427.94,445.35,606.39,693,1894.61,0,-100,-500,25.33,8917.62,107011.49,140.11
2,0,1,3,2,1265.94,2568.09,1447.87,445.35,621.77,634.9,1566.36,0,-100,-500,22.59,7950.28,95403.31,120.78
2,0,1,2,3,1265.94,1951.78,1467.8,445.35,637.15,576.8,1307.94,0,-100,-500,20.04,7052.76,84633.11,101.44
2,0,1,1,4,1265.94,1335.47,1487.73,445.35,652.53,518.7,1049.52,0,-100,-500,17.49,6155.24,73862.92,82.11
2,0,1,0,5,1265.94,719.16,1507.66,445.35,667.91,460.6,794.68,0,-100,-500,14.95,5261.3,63135.63,74.92
2,0,0,6,0,1265.94,3697.86,1465.07,445.35,600.4,747.46,2138.4,0,-100,-500,27.73,9760.47,117125.63,183.97
2,0,0,5,1,1265.94,3081.55,1485.01,445.35,615.78,689.36,1879.98,0,-100,-500,25.18,8862.95,106355.44,138.94
2,0,0,4,2,1265.94,2465.24,1504.94,445.35,631.16,631.26,1551.73,0,-100,-500,22.43,7895.6,94747.26,119.6
2,0,0,3,3,1265.94,1848.93,1524.87,445.35,646.54,573.16,1293.31,0,-100,-500,19.88,6998.09,83977.06,100.26
2,0,0,2,4,1265.94,1232.62,1544.8,445.35,661.92,515.06,1034.89,0,-100,-500,17.33,6100.57,73206.87,80.93
2,0,0,1,5,1265.94,616.31,1564.73,445.35,677.3,456.96,783.62,0,-100,-500,14.8,5210.2,62522.4,74.51
2,0,0,0,6,1265.94,0,1584.66,438.87,692.68,398.21,567.25,-12.42,0,-500,12.6,4435.19,53222.32,62.3
3,0,0,0,0,786.49,0,1393.62,438.87,533.78,315.28,801.49,0,0,0,12.13,4269.52,51234.3,41.42
3,1,0,0,0,1056.35,755.14,1454.37,445.35,547.85,425.91,1161.08,0,-50,-83.33,16.23,5712.71,68552.49,56.52
3,0,1,0,0,1056.35,719.16,1461.42,445.35,544.74,422.7,1146.99,0,-50,-83.33,16.09,5663.38,67960.53,56.21
3,0,0,1,0,1056.35,616.31,1524.83,445.35,554.12,419.7,1135.37,0,-50,-83.33,15.96,5618.68,67424.21,55.92
3,0,0,0,1,1056.35,0,1546.97,438.87,569.5,361.17,894.94,0,0,-83.33,13.59,4784.47,57413.69,49.03
3,2,0,0,0,1056.35,1510.28,1502.41,445.35,561.93,507.63,1391.47,0,-100,-166.67,19.06,6708.75,80505,78.43
3,1,1,0,0,1056.35,1474.3,1509.11,445.35,558.81,504.39,1377.22,0,-100,-166.67,18.92,6658.86,79906.38,77.35
3,1,0,1,0,1056.35,1371.45,1569.35,445.35,568.2,501.07,1364.09,0,-100,-166.67,18.78,6609.18,79310.2,76.28
3,1,0,0,1,1056.35,755.14,1590.38,445.35,583.58,443.08,1106.2,0,-100,-166.67,16.23,5713.41,68560.91,62.32
3,0,2,0,0,1056.35,1438.32,1515.81,445.35,555.7,501.15,1362.97,0,-100,-166.67,18.78,6608.98,79307.75,76.28
3,0,1,1,0,1056.35,1335.47,1576.04,445.35,565.08,497.83,1349.84,0,-100,-166.67,18.63,6559.3,78711.57,75.21
3,0,1,0,1,1056.35,719.16,1597.08,445.35,580.46,439.84,1091.95,0,-100,-166.67,16.09,5663.52,67962.29,61.99
3,0,0,2,0,1056.35,1232.62,1636.28,445.35,574.47,494.51,1336.71,0,-100,-166.67,18.49,6509.62,78115.39,74.14
3,0,0,1,1,1056.35,616.31,1657.32,445.35,589.85,436.52,1078.82,0,-100,-166.67,15.95,5613.84,67366.11,61.67
3,0,0,0,2,1056.35,0,1678.36,438.87,605.23,377.88,857.7,0,0,-166.67,13.77,4847.72,58172.66,53.72
3,3,0,0,0,1265.94,2265.42,1623.17,445.35,576,617.59,1769.57,0,-100,-250,23.33,8213.03,98556.31,115.12
3,2,1,0,0,1265.94,2229.44,1629.87,445.35,572.89,614.35,1755.31,0,-100,-250,23.19,8163.14,97957.68,114.04
3,2,0,1,0,1265.94,2126.59,1690.1,445.35,582.27,611.02,1742.19,0,-100,-250,23.05,8113.46,97361.5,112.97
3,2,0,0,1,1265.94,1510.28,1711.14,445.35,597.65,553.04,1484.29,0,-100,-250,20.5,7217.68,86612.22,93.67
3,1,2,0,0,1265.94,2193.46,1636.56,445.35,569.78,611.11,1741.06,0,-100,-250,23.05,8113.25,97359.06,112.97
3,1,1,1,0,1265.94,2090.61,1696.8,445.35,579.16,607.79,1727.93,0,-100,-250,22.91,8063.57,96762.88,111.9
3,1,1,0,1,1265.94,1474.3,1717.84,445.35,594.54,549.8,1470.04,0,-100,-250,20.36,7167.8,86013.59,92.6
3,1,0,2,0,1265.94,1987.76,1757.04,445.35,588.54,604.46,1714.8,0,-100,-250,22.77,8013.89,96166.7,110.83
3,1,0,1,1,1265.94,1371.45,1778.08,445.35,603.92,546.47,1456.91,0,-100,-250,20.22,7118.12,85417.41,91.53
3,1,0,0,2,1265.94,755.14,1799.12,445.35,619.3,488.48,1199.02,0,-100,-250,17.68,6222.34,74668.13,72.23
3,0,3,0,0,1265.94,2157.48,1643.26,445.35,566.66,607.87,1726.81,0,-100,-250,22.91,8063.37,96760.43,111.89
3,0,2,1,0,1265.94,2054.63,1703.5,445.35,576.05,604.55,1713.68,0,-100,-250,22.77,8013.69,96164.25,110.82
3,0,2,0,1,1265.94,1438.32,1724.54,445.35,591.43,546.56,1455.79,0,-100,-250,20.22,7117.91,85414.97,91.53
3,0,1,2,0,1265.94,1951.78,1763.74,445.35,585.43,601.22,1700.55,0,-100,-250,22.63,7964.01,95568.07,109.75
3,0,1,1,1,1265.94,1335.47,1784.78,445.35,600.81,543.23,1442.66,0,-100,-250,20.08,7068.23,84818.79,90.45
3,0,1,0,2,1265.94,719.16,1805.82,445.35,616.19,485.24,1184.77,0,-100,-250,17.54,6172.46,74069.5,71.16
3,0,0,3,0,1265.94,1848.93,1823.98,445.35,594.81,597.9,1687.42,0,-100,-250,22.48,7914.32,94971.89,108.68
3,0,0,2,1,1265.94,1232.62,1845.01,445.35,610.19,539.91,1429.53,0,-100,-250,19.94,7018.55,84222.6,89.38
3,0,0,1,2,1265.94,616.31,1866.05,445.35,625.57,481.92,1171.64,0,-100,-250,17.39,6122.78,73473.32,70.09
3,0,0,0,3,1265.94,0,1887.09,438.87,640.95,423.29,950.52,0,0,-250,15.22,5356.66,64279.88,61.28
3,4,0,0,0,1265.94,3020.56,1652.14,445.35,590.08,697.41,2057.32,0,-100,-333.33,26.41,9295.45,111545.4,164.72
3,3,1,0,0,1265.94,2984.58,1658.49,445.35,586.96,694.13,2042.9,0,-100,-333.33,26.26,9245.01,110940.12,163.46
3,3,0,1,0,1265.94,2881.73,1715.55,445.35,596.35,690.49,2028.27,0,-100,-333.33,26.11,9190.34,110284.07,162.09
3,3,0,0,1,1265.94,2265.42,1735.49,445.35,611.73,632.39,1723.29,0,-100,-333.33,23.43,8246.27,98955.21,120.12
3,2,2,0,0,1265.94,2948.6,1664.83,445.35,583.85,690.86,2028.48,0,-100,-333.33,26.12,9194.57,110334.84,162.2
3,2,1,1,0,1265.94,2845.75,1721.9,445.35,593.23,687.22,2013.85,0,-100,-333.33,25.97,9139.9,109678.78,160.71
3,2,1,0,1,1265.94,2229.44,1741.83,445.35,608.61,629.12,1708.88,0,-100,-333.33,23.28,8195.83,98349.93,119.03
3,2,0,2,0,1265.94,2742.9,1778.97,445.35,602.62,683.58,1999.22,0,-100,-333.33,25.81,9085.23,109022.73,150.48
3,2,0,1,1,1265.94,2126.59,1798.9,445.35,618,625.48,1694.24,0,-100,-333.33,23.13,8141.16,97693.88,117.85
3,2,0,0,2,1265.94,1510.28,1818.83,445.35,633.38,567.38,1435.83,0,-100,-333.33,20.58,7243.64,86923.68,98.52
3,1,3,0,0,1265.94,2912.62,1671.18,445.35,580.74,687.58,2014.06,0,-100,-333.33,25.98,9144.13,109729.55,160.93
3,1,2,1,0,1265.94,2809.77,1728.25,445.35,590.12,683.94,1999.43,0,-100,-333.33,25.82,9089.46,109073.5,151.27
3,1,2,0,1,1265.94,2193.46,1748.18,445.35,605.5,625.84,1694.46,0,-100,-333.33,23.14,8145.39,97744.65,117.94
3,1,1,2,0,1265.94,2706.92,1785.31,445.35,599.5,680.3,1984.8,0,-100,-333.33,25.67,9034.79,108417.45,141.04
3,1,1,1,1,1265.94,2090.61,1805.24,445.35,614.88,622.2,1679.83,0,-100,-333.33,22.99,8090.72,97088.6,116.76
3,1,1,0,2,1265.94,1474.3,1825.18,445.35,630.26,564.1,1421.41,0,-100,-333.33,20.44,7193.2,86318.4,97.43
3,1,0,3,0,1265.94,2604.07,1842.38,445.35,608.89,676.66,1970.17,0,-100,-333.33,25.51,8980.12,107761.4,134.92
3,1,0,2,1,1265.94,1987.76,1862.31,445.35,624.27,618.56,1665.19,0,-100,-333.33,22.83,8036.05,96432.54,115.59
3,1,0,1,2,1265.94,1371.45,1882.24,445.35,639.65,560.46,1406.78,0,-100,-333.33,20.28,7138.53,85662.35,96.25
3,1,0,0,3,1265.94,755.14,1902.17,445.35,655.03,502.36,1148.36,0,-100,-333.33,17.73,6241.01,74892.16,76.92
3,0,4,0,0,1265.94,2876.64,1677.52,445.35,577.63,684.31,1999.64,0,-100,-333.33,25.83,9093.69,109124.27,152.06
3,0,3,1,0,1265.94,2773.79,1734.59,445.35,587.01,680.67,1985.01,0,-100,-333.33,25.68,9039.02,108468.22,141.83
3,0,3,0,1,1265.94,2157.48,1754.52,445.35,602.39,622.57,1680.04,0,-100,-333.33,23,8094.95,97139.36,116.86
3,0,2,2,0,1265.94,2670.94,1791.66,445.35,596.39,677.03,1970.38,0,-100,-333.33,25.52,8984.35,107812.17,135.01
3,0,2,1,1,1265.94,2054.63,1811.59,445.35,611.77,618.93,1665.41,0,-100,-333.33,22.84,8040.28,96483.31,115.68
3,0,2,0,2,1265.94,1438.32,1831.52,445.35,627.15,560.83,1406.99,0,-100,-333.33,20.29,7142.76,85713.12,96.34
3,0,1,3,0,1265.94,2568.09,1848.73,445.35,605.77,673.39,1955.75,0,-100,-333.33,25.37,8929.68,107156.11,133.84
3,0,1,2,1,1265.94,1951.78,1868.66,445.35,621.15,615.29,1650.78,0,-100,-333.33,22.69,7985.61,95827.26,114.5
3,0,1,1,2,1265.94,1335.47,1888.59,445.35,636.54,557.19,1392.36,0,-100,-333.33,20.14,7088.09,85057.07,95.16
3,0,1,0,3,1265.94,719.16,1908.52,445.35,651.92,499.09,1133.94,0,-100,-333.33,17.59,6190.57,74286.87,75.83
3,0,0,4,0,1265.94,2465.24,1905.79,445.35,615.16,669.75,1941.12,0,-100,-333.33,25.21,8875.01,106500.06,132.66
3,0,0,3,1,1265.94,1848.93,1925.73,445.35,630.54,611.65,1636.14,0,-100,-333.33,22.53,7930.93,95171.21,113.32
3,0,0,2,2,1265.94,1232.62,1945.66,445.35,645.92,553.55,1377.73,0,-100,-333.33,19.98,7033.42,84401.01,93.99
3,0,0,1,3,1265.94,616.31,1965.59,445.35,661.3,495.45,1119.31,0,-100,-333.33,17.43,6135.9,73630.82,74.65
3,0,0,0,4,1265.94,0,1985.52,438.87,676.68,436.7,897.67,0,0,-333.33,15.25,5368.04,64416.47,65.64
3,5,0,0,0,1455.83,3775.7,1766.54,445.35,604.15,804.76,2546.88,0,-100,-416.67,30.92,10882.54,130590.47,206.35
3,4,1,0,0,1455.83,3739.72,1772.89,445.35,601.04,801.48,2524.27,0,-100,-416.67,30.75,10823.91,129886.93,205.09
3,4,0,1,0,1455.83,3636.87,1829.96,445.35,610.42,797.84,2500.77,0,-100,-416.67,30.57,10760.36,129124.37,203.72
3,4,0,0,1,1455.83,3020.56,1849.89,445.35,625.8,739.74,2147.79,0,-100,-416.67,27.75,9768.29,117219.49,181.25
3,3,2,0,0,1455.83,3703.74,1779.24,445.35,597.93,798.21,2501.67,0,-100,-416.67,30.58,10765.28,129183.38,203.83
3,3,1,1,0,1455.83,3600.89,1836.3,445.35,607.31,794.57,2478.16,0,-100,-416.67,30.4,10701.74,128420.83,202.46
3,3,1,0,1,1455.83,2984.58,1856.23,445.35,622.69,736.47,2133.37,0,-100,-416.67,27.61,9717.85,116614.21,179.98
3,3,0,2,0,1455.83,3498.04,1893.37,445.35,616.69,790.93,2454.65,0,-100,-416.67,30.22,10638.19,127658.27,201.09
3,3,0,1,1,1455.83,2881.73,1913.3,445.35,632.07,732.83,2118.74,0,-100,-416.67,27.45,9663.18,115958.15,178.61
3,3,0,0,2,1455.83,2265.42,1933.23,445.35,647.45,674.73,1860.32,0,-100,-416.67,24.9,8765.66,105187.96,134.33
3,2,3,0,0,1455.83,3667.76,1785.58,445.35,594.81,794.93,2479.06,0,-100,-416.67,30.42,10706.65,128479.84,202.56
3,2,2,1,0,1455.83,3564.91,1842.65,445.35,604.2,791.29,2455.55,0,-100,-416.67,30.24,10643.11,127717.28,201.2
3,2,2,0,1,1455.83,2948.6,1862.58,445.35,619.58,733.19,2118.95,0,-100,-416.67,27.46,9667.41,116008.92,178.72
3,2,1,2,0,1455.83,3462.06,1899.72,445.35,613.58,787.65,2432.05,0,-100,-416.67,30.06,10579.56,126954.73,199.83
3,2,1,1,1,1455.83,2845.75,1919.65,445.35,628.96,729.55,2104.32,0,-100,-416.67,27.31,9612.74,115352.87,177.35
3,2,1,0,2,1455.83,2229.44,1939.58,445.35,644.34,671.45,1845.9,0,-100,-416.67,24.76,8715.22,104582.68,133.25
3,2,0,3,0,1455.83,3359.21,1956.78,445.35,622.96,784.01,2408.54,0,-100,-416.67,29.88,10516.01,126192.18,198.46
3,2,0,2,1,1455.83,2742.9,1976.71,445.35,638.34,725.91,2089.69,0,-100,-416.67,27.15,9558.07,114696.82,175.98
3,2,0,1,2,1455.83,2126.59,1996.65,445.35,653.72,667.81,1831.27,0,-100,-416.67,24.6,8660.55,103926.62,132.07
3,2,0,0,3,1455.83,1510.28,2016.58,445.35,669.1,609.71,1514.66,0,-100,-416.67,21.89,7704.84,92458.11,112.73
3,1,4,0,0,1455.83,3631.78,1791.93,445.35,591.7,791.66,2456.45,0,-100,-416.67,30.25,10648.02,127776.29,201.3
3,1,3,1,0,1455.83,3528.93,1848.99,445.35,601.08,788.02,2432.94,0,-100,-416.67,30.07,10584.48,127013.74,199.93
3,1,3,0,0,1455.83,2912.62,1868.93,445.35,616.46,729.92,2104.53,0,-100,-416.67,27.32,9616.97,115403.64,177.46
3,1,2,2,0,1455.83,3426.08,1906.06,445.35,610.47,784.38,2409.44,0,-100,-416.67,29.89,10520.93,126251.19,198.56
3,1,2,1,1,1455.83,2809.77,1925.99,445.35,625.85,726.28,2089.9,0,-100,-416.67,27.17,9562.3,114747.59,176.09
3,1,2,0,2,1455.83,2193.46,1945.92,445.35,641.23,668.18,1831.49,0,-100,-416.67,24.62,8664.78,103977.39,132.16
3,1,1,3,0,1455.83,3323.23,1963.13,445.35,619.85,780.74,2385.93,0,-100,-416.67,29.71,10457.39,125488.63,197.19
3,1,1,2,1,1455.83,2706.92,1983.06,445.35,635.23,722.64,2075.27,0,-100,-416.67,27.01,9507.63,114091.53,174.72
3,1,1,1,2,1455.83,2090.61,2002.99,445.35,650.61,664.54,1816.85,0,-100,-416.67,24.46,8610.11,103321.34,130.98
3,1,1,0,3,1455.83,1474.3,2022.92,445.35,665.99,606.44,1500.24,0,-100,-416.67,21.75,7654.4,91852.82,111.65
3,1,0,4,0,1455.83,3220.38,2020.2,445.35,629.23,777.1,2362.43,0,-100,-416.67,29.53,10393.84,124726.08,195.82
3,1,0,3,1,1455.83,2604.07,2040.13,445.35,644.61,719,2060.64,0,-100,-416.67,26.86,9452.96,113435.48,173.35
3,1,0,2,2,1455.83,1987.76,2060.06,445.35,659.99,660.9,1802.22,0,-100,-416.67,24.31,8555.44,102665.29,129.8
3,1,0,1,3,1455.83,1371.45,2079.99,445.35,675.37,602.8,1485.61,0,-100,-416.67,21.59,7599.73,91196.77,110.47
3,1,0,0,4,1455.83,755.14,2099.92,445.35,690.75,544.7,1227.19,0,-100,-416.67,19.04,6702.21,80426.58,91.13
3,0,5,0,0,1455.83,3595.8,1798.27,445.35,588.59,788.38,2433.84,0,-100,-416.67,30.08,10589.4,127072.75,200.04
3,0,4,1,0,1455.83,3492.95,1855.34,445.35,597.97,784.74,2410.34,0,-100,-416.67,29.9,10525.85,126310.2,198.67
3,0,4,0,1,1455.83,2876.64,1875.27,445.35,613.35,726.64,2090.12,0,-100,-416.67,27.18,9566.53,114798.36,176.19
3,0,3,2,0,1455.83,3390.1,1912.41,445.35,607.35,781.1,2386.83,0,-100,-416.67,29.72,10462.3,125547.64,197.3
3,0,3,1,1,1455.83,2773.79,1932.34,445.35,622.74,723,2075.48,0,-100,-416.67,27.02,9511.86,114142.3,174.83
3,0,3,0,2,1455.83,2157.48,1952.27,445.35,638.12,664.9,1817.07,0,-100,-416.67,24.47,8614.34,103372.11,131.07
3,0,2,3,0,1455.83,3287.25,1969.48,445.35,616.74,777.46,2363.32,0,-100,-416.67,29.54,10398.76,124785.09,195.93
3,0,2,2,1,1455.83,2670.94,1989.41,445.35,632.12,719.36,2060.85,0,-100,-416.67,26.87,9457.19,113486.25,173.46
3,0,2,1,2,1455.83,2054.63,2009.34,445.35,647.5,661.26,1802.44,0,-100,-416.67,24.32,8559.67,102716.06,129.89
3,0,2,0,3,1455.83,1438.32,2029.27,445.35,662.88,603.16,1485.82,0,-100,-416.67,21.6,7603.96,91247.54,110.56
3,0,1,4,0,1455.83,3184.4,2026.54,445.35,626.12,773.82,2339.82,0,-100,-416.67,29.36,10335.21,124022.54,194.56
3,0,1,3,1,1455.83,2568.09,2046.47,445.35,641.5,715.72,2046.22,0,-100,-416.67,26.71,9402.52,112830.2,172.09
3,0,1,2,2,1455.83,1951.78,2066.41,445.35,656.88,657.62,1787.8,0,-100,-416.67,24.16,8505,102060,128.72
3,0,1,1,3,1455.83,1335.47,2086.34,445.35,672.26,599.52,1471.19,0,-100,-416.67,21.45,7549.29,90591.49,109.38
3,0,1,0,4,1455.83,719.16,2106.27,445.35,687.64,541.42,1212.78,0,-100,-416.67,18.9,6651.77,79821.29,90.05
3,0,0,5,0,1455.83,3081.55,2083.61,445.35,635.5,770.18,2316.31,0,-100,-416.67,29.18,10271.67,123259.98,193.19
3,0,0,4,1,1455.83,2465.24,2103.54,445.35,650.88,712.08,2031.59,0,-100,-416.67,26.56,9347.85,112174.15,168.47
3,0,0,3,2,1455.83,1848.93,2123.47,445.35,666.26,653.98,1773.17,0,-100,-416.67,24.01,8450.33,101403.95,127.54
3,0,0,2,3,1455.83,1232.62,2143.4,445.35,681.64,595.88,1456.56,0,-100,-416.67,21.29,7494.62,89935.43,108.2
3,0,0,1,4,1455.83,616.31,2163.33,445.35,697.02,537.78,1198.14,0,-100,-416.67,18.74,6597.1,79165.24,88.87
3,0,0,0,5,1455.83,0,2183.27,438.87,712.4,479.04,976.5,0,0,-416.67,16.56,5829.24,69950.89,72.9
3,6,0,0,0,1455.83,4530.84,1880.95,445.35,618.23,893.12,2977.27,0,-100,-500,34.66,12201.57,146418.86,240.64
3,5,1,0,0,1455.83,4494.86,1887.29,445.35,615.11,889.84,2954.66,0,-100,-500,34.5,12142.94,145715.31,239.37
3,5,0,1,0,1455.83,4392.01,1944.36,445.35,624.5,886.2,2931.15,0,-100,-500,34.32,12079.4,144952.76,238
3,5,0,0,1,1455.83,3775.7,1964.29,445.35,639.88,828.1,2527.03,0,-100,-500,31.35,11036.18,132434.16,215.53
3,4,2,0,0,1455.83,4458.88,1893.64,445.35,612,886.57,2932.05,0,-100,-500,34.33,12084.31,145011.77,238.11
3,4,1,1,0,1455.83,4356.03,1950.71,445.35,621.38,882.93,2908.55,0,-100,-500,34.15,12020.77,144249.22,236.74
3,4,1,0,1,1455.83,3739.72,1970.64,445.35,636.76,824.83,2504.43,0,-100,-500,31.19,10977.55,131730.61,214.27
3,4,0,2,0,1455.83,4253.18,2007.77,445.35,630.77,879.29,2885.04,0,-100,-500,33.97,11957.22,143486.66,235.37
3,4,0,1,1,1455.83,3636.87,2027.7,445.35,646.15,821.19,2480.92,0,-100,-500,31.01,10914.01,130968.06,212.9
3,4,0,0,2,1455.83,3020.56,2047.64,445.35,661.53,763.09,2153.62,0,-100,-500,28.26,9947.61,119371.32,190.42
3,3,3,0,0,1455.83,4422.9,1899.98,445.35,608.89,883.29,2909.44,0,-100,-500,34.16,12025.69,144308.23,236.85
3,3,2,1,0,1455.83,4320.05,1957.05,445.35,618.27,879.65,2885.94,0,-100,-500,33.98,11962.14,143545.67,235.48
3,3,2,0,1,1455.83,3703.74,1976.98,445.35,633.65,821.55,2481.82,0,-100,-500,31.02,10918.92,131027.07,213
3,3,1,2,0,1455.83,4217.2,2014.12,445.35,627.65,876.01,2862.43,0,-100,-500,33.8,11898.59,142783.12,234.11
3,3,1,1,1,1455.83,3600.89,2034.05,445.35,643.03,817.91,2458.31,0,-100,-500,30.84,10855.38,130264.52,211.63
3,3,1,0,2,1455.83,2984.58,2053.98,445.35,658.41,759.82,2139.21,0,-100,-500,28.12,9897.17,118766.04,189.16
3,3,0,3,0,1455.83,4114.35,2071.19,445.35,637.04,872.37,2838.93,0,-100,-500,33.62,11835.05,142020.57,232.74
3,3,0,2,1,1455.83,3498.04,2091.12,445.35,652.42,814.27,2434.81,0,-100,-500,30.66,10791.83,129501.96,210.26
3,3,0,1,2,1455.83,2881.73,2111.05,445.35,667.8,756.18,2124.57,0,-100,-500,27.96,9842.5,118109.99,187.79
3,3,0,0,3,1455.83,2265.42,2130.98,445.35,683.18,698.08,1866.16,0,-100,-500,25.41,8944.98,107339.79,142.23
3,2,4,0,0,1455.83,4386.92,1906.33,445.35,605.78,880.02,2886.84,0,-100,-500,34,11967.06,143604.68,235.58
3,2,3,1,0,1455.83,4284.07,1963.4,445.35,615.16,876.38,2863.33,0,-100,-500,33.82,11903.51,142842.13,234.21
3,2,3,0,1,1455.83,3667.76,1983.33,445.35,630.54,818.28,2459.21,0,-100,-500,30.85,10860.29,130323.53,211.74
3,2,2,2,0,1455.83,4181.22,2020.47,445.35,624.54,872.74,2839.82,0,-100,-500,33.64,11839.96,142079.58,232.84
3,2,2,1,1,1455.83,3564.91,2040.4,445.35,639.92,814.64,2435.71,0,-100,-500,30.67,10796.75,129560.97,210.37
3,2,2,0,2,1455.83,2948.6,2060.33,445.35,655.3,756.54,2124.79,0,-100,-500,27.97,9846.73,118160.76,187.9
3,2,1,3,0,1455.83,4078.37,2077.53,445.35,633.92,869.1,2816.32,0,-100,-500,33.46,11776.42,141317.02,231.48
3,2,1,2,1,1455.83,3462.06,2097.46,445.35,649.3,811,2412.2,0,-100,-500,30.49,10733.2,128798.42,209
3,2,1,1,2,1455.83,2845.75,2117.39,445.35,664.69,752.9,2110.16,0,-100,-500,27.82,9792.06,117504.7,186.53
3,2,1,0,3,1455.83,2229.44,2137.33,445.35,680.07,694.8,1851.74,0,-100,-500,25.27,8894.54,106734.51,141.14
3,2,0,4,0,1455.83,3975.52,2134.6,445.35,643.31,865.46,2792.81,0,-100,-500,33.28,11712.87,140554.47,230.11
3,2,0,3,1,1455.83,3359.21,2154.53,445.35,658.69,807.36,2388.69,0,-100,-500,30.31,10669.66,128035.87,207.63
3,2,0,2,2,1455.83,2742.9,2174.46,445.35,674.07,749.26,2095.52,0,-100,-500,27.66,9737.39,116848.65,185.16
3,2,0,1,3,1455.83,2126.59,2194.39,445.35,689.45,691.16,1837.11,0,-100,-500,25.11,8839.87,106078.46,139.96
3,2,0,0,4,1455.83,1510.28,2214.32,445.35,704.83,633.06,1508.86,0,-100,-500,22.37,7872.52,94470.27,120.63
3,1,5,0,0,1455.83,4350.94,1912.68,445.35,602.66,876.75,2864.23,0,-100,-500,33.83,11908.43,142901.14,234.32
3,1,4,1,0,1455.83,4248.09,1969.74,445.35,612.05,873.11,2840.72,0,-100,-500,33.65,11844.88,142138.59,232.95
3,1,4,0,1,1455.83,3631.78,1989.67,445.35,627.43,815.01,2436.6,0,-100,-500,30.69,10801.67,129619.98,210.48
3,1,3,2,0,1455.83,4145.24,2026.81,445.35,621.43,869.47,2817.22,0,-100,-500,33.47,11781.34,141376.03,231.58
3,1,3,1,1,1455.83,3528.93,2046.74,445.35,636.81,811.37,2413.1,0,-100,-500,30.51,10738.12,128857.43,209.11
3,1,3,0,2,1455.83,2912.62,2066.67,445.35,652.19,753.27,2110.37,0,-100,-500,27.83,9796.29,117555.47,186.63
3,1,2,3,0,1455.83,4042.39,2083.88,445.35,630.81,865.83,2793.71,0,-100,-500,33.29,11717.79,140613.48,230.21
3,1,2,2,1,1455.83,3426.08,2103.81,445.35,646.19,807.73,2389.59,0,-100,-500,30.33,10674.57,128094.88,207.74
3,1,2,1,2,1455.83,2809.77,2123.74,445.35,661.57,749.63,2095.74,0,-100,-500,27.68,9741.62,116899.42,185.26
3,1,2,0,3,1455.83,2193.46,2143.67,445.35,676.95,691.53,1837.32,0,-100,-500,25.13,8844.1,106129.23,140.05
3,1,1,4,0,1455.83,3939.54,2140.95,445.35,640.19,862.19,2770.2,0,-100,-500,33.11,11654.24,139850.92,228.84
3,1,1,3,1,1455.83,3323.23,2160.88,445.35,655.58,804.09,2366.09,0,-100,-500,30.15,10611.03,127332.32,206.37
3,1,1,2,2,1455.83,2706.92,2180.81,445.35,670.96,745.99,2081.1,0,-100,-500,27.52,9686.95,116243.37,183.89
3,1,1,1,3,1455.83,2090.61,2200.74,445.35,686.34,687.89,1822.69,0,-100,-500,24.97,8789.43,105473.17,138.88
3,1,1,0,4,1455.83,1474.3,2220.67,445.35,701.72,629.79,1494.44,0,-100,-500,22.22,7822.08,93864.99,119.54
3,1,0,5,0,1455.83,3836.69,2198.01,445.35,649.58,858.55,2746.7,0,-100,-500,32.93,11590.7,139088.37,227.47
3,1,0,4,1,1455.83,3220.38,2217.94,445.35,664.96,800.45,2342.58,0,-100,-500,29.96,10547.48,126569.77,205
3,1,0,3,2,1455.83,2604.07,2237.88,445.35,680.34,742.35,2066.47,0,-100,-500,27.36,9632.28,115587.32,182.53
3,1,0,2,3,1455.83,1987.76,2257.81,445.35,695.72,684.25,1808.06,0,-100,-500,24.81,8734.76,104817.12,137.7
3,1,0,1,4,1455.83,1371.45,2277.74,445.35,711.1,626.15,1479.81,0,-100,-500,22.07,7767.41,93208.94,118.36
3,1,0,0,5,1455.83,755.14,2297.67,445.35,726.48,568.05,1221.39,0,-100,-500,19.52,6869.9,82438.74,99.03
3,0,6,0,0,1455.83,4314.96,1919.02,445.35,599.55,873.47,2841.62,0,-100,-500,33.66,11849.8,142197.6,233.06
3,0,5,1,0,1455.83,4212.11,1976.09,445.35,608.94,869.83,2818.12,0,-100,-500,33.48,11786.25,141435.04,231.69
3,0,5,0,1,1455.83,3595.8,1996.02,445.35,624.32,811.73,2414,0,-100,-500,30.52,10743.04,128916.44,209.21
3,0,4,2,0,1455.83,4109.26,2033.16,445.35,618.32,866.19,2794.61,0,-100,-500,33.3,11722.71,140672.49,230.32
3,0,4,1,1,1455.83,3492.95,2053.09,445.35,633.7,808.09,2390.49,0,-100,-500,30.34,10679.49,128153.89,207.84
3,0,4,0,2,1455.83,2876.64,2073.02,445.35,649.08,749.99,2095.95,0,-100,-500,27.69,9745.85,116950.19,185.37
3,0,3,3,0,1455.83,4006.41,2090.22,445.35,627.7,862.55,2771.1,0,-100,-500,33.12,11659.16,139909.94,228.95
3,0,3,2,1,1455.83,3390.1,2110.16,445.35,643.08,804.45,2366.98,0,-100,-500,30.16,10615.94,127391.33,206.48
3,0,3,1,2,1455.83,2773.79,2130.09,445.35,658.46,746.35,2081.32,0,-100,-500,27.53,9691.18,116294.14,184
3,0,3,0,3,1455.83,2157.48,2150.02,445.35,673.84,688.25,1822.9,0,-100,-500,24.98,8793.66,105523.94,138.97
3,0,2,4,0,1455.83,3903.56,2147.29,445.35,637.08,858.91,2747.6,0,-100,-500,32.94,11595.62,139147.38,227.58
3,0,2,3,1,1455.83,3287.25,2167.22,445.35,652.46,800.81,2343.48,0,-100,-500,29.98,10552.4,126628.78,205.11
3,0,2,2,2,1455.83,2670.94,2187.15,445.35,667.84,742.71,2066.69,0,-100,-500,27.38,9636.51,115638.08,182.63
3,0,2,1,3,1455.83,2054.63,2207.09,445.35,683.22,684.61,1808.27,0,-100,-500,24.83,8738.99,104867.89,137.79
3,0,2,0,4,1455.83,1438.32,2227.02,445.35,698.6,626.51,1480.02,0,-100,-500,22.08,7771.64,93259.71,118.45
3,0,1,5,0,1455.83,3800.71,2204.36,445.35,646.46,855.27,2724.09,0,-100,-500,32.76,11532.07,138384.83,226.21
3,0,1,4,1,1455.83,3184.4,2224.29,445.35,661.85,797.17,2319.97,0,-100,-500,29.8,10488.85,125866.22,203.74
3,0,1,3,2,1455.83,2568.09,2244.22,445.35,677.23,739.07,2052.05,0,-100,-500,27.22,9581.84,114982.03,181.1
3,0,1,2,3,1455.83,1951.78,2264.15,445.35,692.61,680.97,1793.64,0,-100,-500,24.67,8684.32,104211.84,136.61
3,0,1,1,4,1455.83,1335.47,2284.08,445.35,707.99,622.87,1465.39,0,-100,-500,21.92,7716.97,92603.66,117.28
3,0,1,0,5,1455.83,719.16,2304.01,445.35,723.37,564.77,1206.97,0,-100,-500,19.37,6819.46,81833.46,97.94
3,0,0,6,0,1455.83,3697.86,2261.43,445.35,655.85,851.63,2700.58,0,-100,-500,32.58,11468.52,137622.27,224.84
3,0,0,5,1,1455.83,3081.55,2281.36,445.35,671.23,793.53,2296.47,0,-100,-500,29.62,10425.31,125103.67,202.37
3,0,0,4,2,1455.83,2465.24,2301.29,445.35,686.61,735.43,2037.42,0,-100,-500,27.07,9527.17,114325.98,170.87
3,0,0,3,3,1455.83,1848.93,2321.22,445.35,701.99,677.33,1779.01,0,-100,-500,24.52,8629.65,103555.79,135.43
3,0,0,2,4,1455.83,1232.62,2341.15,445.35,717.37,619.23,1450.76,0,-100,-500,21.77,7662.3,91947.6,116.1
3,0,0,1,5,1455.83,616.31,2361.08,445.35,732.75,561.13,1192.34,0,-100,-500,19.22,6764.78,81177.41,96.76
3,0,0,0,6,1455.83,0,2381.01,438.87,748.13,502.38,970.7,0,0,-500,17.04,5996.92,71963.05,78.26
